Time (s),DeltaTime (s)
24.5630,0.005264
24.5742,0.011149
24.5828,0.008660
24.5855,0.002674
24.5877,0.002178
24.5899,0.002198
24.5929,0.003005
24.5959,0.003031
24.5981,0.002132
24.6007,0.002668
24.6028,0.002072
24.6048,0.001955
24.6100,0.005210
24.6154,0.005456
24.6182,0.002772
24.6211,0.002881
24.6239,0.002812
24.6303,0.006426
24.6333,0.002964
24.6364,0.003133
24.6392,0.002809
24.6420,0.002741
24.6455,0.003522
24.6476,0.002064
24.6505,0.002943
24.6531,0.002593
24.6562,0.003126
24.6599,0.003689
24.6623,0.002407
24.6650,0.002689
24.6683,0.003258
24.6704,0.002136
24.6731,0.002700
24.6799,0.006790
24.6850,0.005155
24.6881,0.003061
24.6973,0.009176
24.7036,0.006293
24.7095,0.005955
24.7157,0.006138
24.7227,0.007080
24.7306,0.007830
24.7499,0.019330
24.7527,0.002761
24.7549,0.002190
24.7583,0.003420
24.7619,0.003643
24.7660,0.004117
24.7685,0.002433
24.7703,0.001851
24.7735,0.003177
24.7780,0.004522
24.7805,0.002456
24.7825,0.002011
24.7846,0.002089
24.7868,0.002205
24.7892,0.002379
24.7924,0.003236
24.7960,0.003586
24.8060,0.010052
24.8175,0.011446
24.8301,0.012658
24.8389,0.008773
24.8518,0.012862
24.8628,0.011012
24.8649,0.002161
24.8669,0.001942
24.8691,0.002248
24.8717,0.002581
24.8742,0.002462
24.8796,0.005451
24.8919,0.012321
24.9020,0.010046
24.9040,0.002047
24.9060,0.001951
24.9092,0.003244
24.9151,0.005903
24.9182,0.003053
24.9309,0.012728
24.9435,0.012619
24.9531,0.009613
24.9648,0.011669
24.9769,0.012116
24.9794,0.002488
24.9814,0.002009
24.9841,0.002696
24.9866,0.002454
24.9887,0.002168
24.9929,0.004148
24.9978,0.004929
25.0004,0.002585
25.0027,0.002311
25.0049,0.002224
25.0093,0.004381
25.0145,0.005174
25.0179,0.003384
25.0204,0.002560
25.0227,0.002239
25.0283,0.005610
25.0390,0.010707
25.0412,0.002167
25.0439,0.002726
25.0463,0.002428
25.0485,0.002146
25.0514,0.002884
25.0637,0.012381
25.0750,0.011239
25.0789,0.003895
25.0812,0.002376
25.0832,0.001973
25.0864,0.003219
25.0899,0.003419
25.0947,0.004890
25.0999,0.005149
25.1107,0.010819
25.1210,0.010317
25.1320,0.010997
25.1342,0.002161
25.1360,0.001849
25.1390,0.002935
25.1448,0.005863
25.1498,0.005000
25.1578,0.008016
25.1669,0.009098
25.1731,0.006177
25.1780,0.004897
25.1840,0.005948
25.1872,0.003215
25.1999,0.012708
25.2141,0.014187
25.2240,0.009927
25.2297,0.005691
25.2324,0.002747
25.2352,0.002750
25.2373,0.002122
25.2410,0.003694
25.2449,0.003916
25.2478,0.002830
25.2508,0.003052
25.2530,0.002149
25.2549,0.001957
25.2581,0.003163
25.2620,0.003925
25.2649,0.002934
25.2677,0.002784
25.2697,0.002032
25.2727,0.002909
25.2760,0.003375
25.2816,0.005605
25.2841,0.002503
25.2862,0.002016
25.2889,0.002790
25.2932,0.004229
25.2961,0.002965
25.2982,0.002094
25.3013,0.003088
25.3037,0.002330
25.3075,0.003796
25.3109,0.003444
25.3133,0.002451
25.3175,0.004115
25.3198,0.002334
25.3229,0.003095
25.3261,0.003215
25.3292,0.003111
25.3320,0.002749
25.3341,0.002157
25.3369,0.002731
25.3400,0.003131
25.3438,0.003831
25.3469,0.003120
25.3491,0.002124
25.3519,0.002839
25.3538,0.001934
25.3580,0.004204
25.3621,0.004014
25.3643,0.002265
25.3664,0.002070
25.3689,0.002518
25.3728,0.003854
25.3760,0.003239
25.3783,0.002346
25.3808,0.002431
25.3838,0.003022
25.3867,0.002931
25.3889,0.002166
25.3925,0.003651
25.3964,0.003846
25.3999,0.003530
25.4030,0.003065
25.4051,0.002151
25.4094,0.004251
25.4125,0.003108
25.4157,0.003196
25.4196,0.003863
25.4221,0.002520
25.4258,0.003706
25.4299,0.004162
25.4324,0.002416
25.4345,0.002135
25.4376,0.003060
25.4411,0.003532
25.4454,0.004357
25.4488,0.003311
25.4528,0.004073
25.4578,0.004986
25.4619,0.004128
25.4649,0.002965
25.4674,0.002463
25.4695,0.002140
25.4716,0.002056
25.4755,0.003957
25.4781,0.002533
25.4808,0.002707
25.4831,0.002356
25.4862,0.003080
25.4887,0.002452
25.4936,0.004940
25.4970,0.003455
25.4995,0.002445
25.5025,0.002980
25.5050,0.002513
25.5096,0.004573
25.5121,0.002558
25.5148,0.002665
25.5182,0.003388
25.5217,0.003545
25.5254,0.003708
25.5286,0.003222
25.5317,0.003010
25.5340,0.002317
25.5368,0.002833
25.5397,0.002863
25.5438,0.004174
25.5466,0.002792
25.5494,0.002786
25.5519,0.002443
25.5547,0.002790
25.5577,0.003068
25.5610,0.003275
25.5713,0.010295
25.5837,0.012366
25.5940,0.010347
25.5963,0.002268
25.5981,0.001792
25.6011,0.003021
25.6033,0.002239
25.6057,0.002334
25.6078,0.002191
25.6120,0.004173
25.6146,0.002617
25.6181,0.003513
25.6204,0.002209
25.6228,0.002408
25.6275,0.004688
25.6354,0.007916
25.6508,0.015427
25.6620,0.011224
25.6706,0.008563
25.6811,0.010497
25.6947,0.013652
25.7040,0.009230
25.7147,0.010761
25.7268,0.012122
25.7360,0.009140
25.7472,0.011168
25.7573,0.010144
25.7689,0.011576
25.7797,0.010876
25.7888,0.009013
25.8008,0.012018
25.8117,0.010874
25.8209,0.009289
25.8326,0.011653
25.8448,0.012180
25.8549,0.010104
25.8671,0.012256
25.8786,0.011438
25.8874,0.008872
25.8976,0.010160
25.8999,0.002262
25.9018,0.001920
25.9064,0.004593
25.9190,0.012643
25.9212,0.002147
25.9240,0.002806
25.9280,0.004024
25.9308,0.002834
25.9337,0.002837
25.9371,0.003473
25.9400,0.002812
25.9468,0.006881
25.9494,0.002611
25.9516,0.002198
25.9540,0.002351
25.9586,0.004606
25.9643,0.005664
25.9723,0.008009
25.9779,0.005614
25.9828,0.004913
25.9854,0.002567
25.9877,0.002370
25.9914,0.003679
25.9956,0.004149
25.9981,0.002511
26.0005,0.002416
26.0029,0.002424
26.0062,0.003321
26.0109,0.004647
26.0142,0.003335
26.0175,0.003277
26.0210,0.003514
26.0257,0.004667
26.0299,0.004236
26.0324,0.002455
26.0347,0.002332
26.0377,0.003037
26.0409,0.003137
26.0446,0.003687
26.0470,0.002445
26.0492,0.002230
26.0522,0.002960
26.0545,0.002280
26.0570,0.002558
26.0610,0.003958
26.0635,0.002517
26.0656,0.002121
26.0682,0.002596
26.0705,0.002269
26.0741,0.003586
26.0797,0.005632
26.0818,0.002063
26.0848,0.002999
26.0871,0.002316
26.0892,0.002117
26.0931,0.003861
26.0962,0.003100
26.0985,0.002369
26.1005,0.001937
26.1026,0.002163
26.1049,0.002208
26.1086,0.003717
26.1112,0.002616
26.1137,0.002467
26.1160,0.002368
26.1189,0.002846
26.1213,0.002402
26.1250,0.003736
26.1281,0.003062
26.1312,0.003157
26.1337,0.002462
26.1358,0.002147
26.1382,0.002403
26.1418,0.003560
26.1445,0.002689
26.1469,0.002451
26.1499,0.002930
26.1531,0.003246
26.1561,0.002951
26.1607,0.004647
26.1651,0.004408
26.1681,0.002965
26.1708,0.002710
26.1746,0.003843
26.1802,0.005581
26.1833,0.003113
26.1855,0.002157
26.1885,0.002998
26.1928,0.004291
26.1965,0.003723
26.1995,0.003006
26.2025,0.002967
26.2046,0.002123
26.2073,0.002702
26.2103,0.003004
26.2132,0.002937
26.2155,0.002215
26.2175,0.002079
26.2196,0.002038
26.2220,0.002407
26.2256,0.003653
26.2289,0.003289
26.2320,0.003092
26.2348,0.002760
26.2376,0.002809
26.2401,0.002504
26.2440,0.003877
26.2461,0.002107
26.2490,0.002943
26.2514,0.002392
26.2537,0.002299
26.2564,0.002686
26.2605,0.004112
26.2629,0.002388
26.2648,0.001911
26.2671,0.002278
26.2694,0.002353
26.2723,0.002865
26.2765,0.004235
26.2790,0.002506
26.2810,0.001943
26.2844,0.003406
26.2867,0.002348
26.2887,0.002010
26.2928,0.004042
26.2957,0.002921
26.2979,0.002218
26.3010,0.003037
26.3032,0.002243
26.3062,0.002999
26.3097,0.003514
26.3117,0.001979
26.3140,0.002277
26.3176,0.003648
26.3199,0.002270
26.3220,0.002114
26.3263,0.004312
26.3303,0.003977
26.3408,0.010508
26.3500,0.009216
26.3608,0.010779
26.3630,0.002171
26.3661,0.003141
26.3774,0.011336
26.3799,0.002419
26.3820,0.002179
26.3843,0.002297
26.3876,0.003271
26.3902,0.002574
26.3973,0.007085
26.4002,0.002924
26.4023,0.002143
26.4055,0.003189
26.4188,0.013261
26.4309,0.012116
26.4331,0.002177
26.4362,0.003092
26.4516,0.015389
26.4554,0.003825
26.4601,0.004670
26.4656,0.005529
26.4685,0.002927
26.4703,0.001837
26.4725,0.002171
26.4779,0.005413
26.4813,0.003335
26.4839,0.002650
26.4877,0.003773
26.4918,0.004074
26.4963,0.004548
26.4994,0.003102
26.5029,0.003485
26.5062,0.003280
26.5111,0.004908
26.5139,0.002812
26.5167,0.002794
26.5266,0.009952
26.5325,0.005812
26.5402,0.007783
26.5483,0.008070
26.5564,0.008093
26.5721,0.015716
26.5767,0.004572
26.5793,0.002629
26.5836,0.004246
26.5866,0.003078
26.5890,0.002345
26.5919,0.002877
26.5950,0.003109
26.5983,0.003285
26.6005,0.002209
26.6025,0.002024
26.6052,0.002698
26.6093,0.004103
26.6201,0.010765
26.6299,0.009853
26.6330,0.003044
26.6351,0.002159
26.6387,0.003582
26.6423,0.003605
26.6480,0.005681
26.6504,0.002447
26.6531,0.002689
26.6555,0.002397
26.6600,0.004501
26.6648,0.004794
26.6675,0.002697
26.6700,0.002515
26.6722,0.002136
26.6752,0.003080
26.6792,0.003933
26.6817,0.002480
26.6838,0.002163
26.6860,0.002212
26.6894,0.003383
26.6939,0.004464
26.6965,0.002673
26.6990,0.002421
26.7012,0.002189
26.7035,0.002386
26.7065,0.002917
26.7106,0.004183
26.7130,0.002358
26.7150,0.002037
26.7182,0.003176
26.7206,0.002378
26.7228,0.002244
26.7286,0.005749
26.7311,0.002523
26.7342,0.003062
26.7371,0.002948
26.7405,0.003352
26.7440,0.003564
26.7473,0.003224
26.7495,0.002260
26.7524,0.002911
26.7553,0.002879
26.7618,0.006471
26.7652,0.003457
26.7691,0.003894
26.7722,0.003085
26.7769,0.004672
26.7794,0.002488
26.7813,0.001940
26.7847,0.003332
26.7873,0.002608
26.7911,0.003838
26.7941,0.003009
26.7959,0.001802
26.7993,0.003370
26.8019,0.002633
26.8040,0.002112
26.8064,0.002423
26.8104,0.003964
26.8137,0.003264
26.8160,0.002306
26.8181,0.002160
26.8208,0.002657
26.8241,0.003288
26.8269,0.002791
26.8307,0.003873
26.8334,0.002631
26.8357,0.002283
26.8377,0.002083
26.8431,0.005384
26.8460,0.002909
26.8504,0.004394
26.8539,0.003517
26.8564,0.002499
26.8603,0.003853
26.8623,0.001964
26.8657,0.003479
26.8684,0.002640
26.8705,0.002094
26.8724,0.001959
26.8763,0.003829
26.8797,0.003438
26.8821,0.002411
26.8844,0.002301
26.8871,0.002718
26.8903,0.003200
26.8946,0.004281
26.8973,0.002645
26.8993,0.002047
26.9013,0.002010
26.9034,0.002078
26.9077,0.004268
26.9112,0.003538
26.9135,0.002303
26.9154,0.001871
26.9182,0.002813
26.9215,0.003276
26.9241,0.002663
26.9281,0.003982
26.9314,0.003334
26.9337,0.002262
26.9362,0.002466
26.9395,0.003302
26.9427,0.003195
26.9464,0.003744
26.9493,0.002899
26.9514,0.002103
26.9532,0.001792
26.9554,0.002145
26.9583,0.002954
26.9622,0.003943
26.9649,0.002653
26.9675,0.002569
26.9708,0.003296
26.9739,0.003137
26.9777,0.003843
26.9799,0.002132
26.9818,0.001917
26.9845,0.002719
26.9876,0.003138
26.9911,0.003491
26.9945,0.003336
26.9967,0.002191
26.9998,0.003101
27.0022,0.002458
27.0042,0.001983
27.0076,0.003400
27.0112,0.003638
27.0135,0.002299
27.0164,0.002862
27.0190,0.002571
27.0210,0.002045
27.0234,0.002389
27.0271,0.003659
27.0305,0.003413
27.0330,0.002482
27.0357,0.002692
27.0379,0.002202
27.0412,0.003342
27.0438,0.002547
27.0460,0.002247
27.0487,0.002744
27.0548,0.006097
27.0583,0.003453
27.0607,0.002403
27.0629,0.002249
27.0664,0.003491
27.0689,0.002454
27.0708,0.001944
27.0733,0.002485
27.0779,0.004567
27.0805,0.002586
27.0826,0.002160
27.0849,0.002231
27.0872,0.002375
27.0904,0.003171
27.0933,0.002903
27.0962,0.002845
27.0989,0.002720
27.1017,0.002873
27.1038,0.002093
27.1060,0.002177
27.1108,0.004739
27.1153,0.004522
27.1178,0.002480
27.1201,0.002302
27.1223,0.002194
27.1263,0.004055
27.1303,0.003975
27.1331,0.002823
27.1353,0.002242
27.1385,0.003108
27.1408,0.002347
27.1448,0.004006
27.1472,0.002389
27.1498,0.002567
27.1518,0.002045
27.1540,0.002229
27.1572,0.003131
27.1633,0.006100
27.1667,0.003394
27.1701,0.003409
27.1741,0.004031
27.1790,0.004937
27.1821,0.003100
27.1856,0.003442
27.1884,0.002822
27.1937,0.005299
27.1987,0.004968
27.2017,0.002993
27.2038,0.002141
27.2071,0.003304
27.2120,0.004863
27.2149,0.002920
27.2172,0.002280
27.2202,0.003069
27.2240,0.003762
27.2285,0.004523
27.2309,0.002324
27.2347,0.003835
27.2376,0.002880
27.2407,0.003092
27.2438,0.003160
27.2464,0.002565
27.2485,0.002085
27.2505,0.001997
27.2537,0.003243
27.2568,0.003107
27.2606,0.003749
27.2628,0.002280
27.2651,0.002265
27.2678,0.002680
27.2699,0.002136
27.2722,0.002303
27.2759,0.003662
27.2789,0.003009
27.2811,0.002204
27.2834,0.002253
27.2856,0.002272
27.2877,0.002030
27.2909,0.003232
27.2934,0.002526
27.2957,0.002264
27.2977,0.002054
27.2997,0.002001
27.3025,0.002724
27.3053,0.002818
27.3098,0.004516
27.3124,0.002581
27.3146,0.002228
27.3168,0.002237
27.3189,0.002027
27.3210,0.002093
27.3256,0.004668
27.3282,0.002558
27.3304,0.002189
27.3346,0.004232
27.3377,0.003064
27.3417,0.004053
27.3449,0.003132
27.3492,0.004321
27.3532,0.003978
27.3564,0.003232
27.3602,0.003843
27.3635,0.003285
27.3660,0.002532
27.3684,0.002312
27.3710,0.002654
27.3744,0.003399
27.3771,0.002665
27.3809,0.003807
27.3832,0.002302
27.3850,0.001852
27.3872,0.002199
27.3913,0.004057
27.3953,0.003989
27.3978,0.002539
27.4000,0.002150
27.4029,0.002943
27.4058,0.002893
27.4090,0.003233
27.4115,0.002495
27.4148,0.003300
27.4171,0.002273
27.4196,0.002482
27.4220,0.002438
27.4262,0.004183
27.4296,0.003433
27.4334,0.003772
27.4405,0.007056
27.4441,0.003627
27.4465,0.002369
27.4485,0.001992
27.4513,0.002799
27.4542,0.002989
27.4572,0.002960
27.4633,0.006104
27.4691,0.005818
27.4713,0.002214
27.4762,0.004855
27.4795,0.003336
27.4820,0.002423
27.4845,0.002491
27.4883,0.003859
27.4912,0.002903
27.4960,0.004816
27.4993,0.003250
27.5015,0.002230
27.5035,0.002033
27.5061,0.002527
27.5104,0.004295
27.5127,0.002376
27.5157,0.002999
27.5180,0.002252
27.5213,0.003320
27.5247,0.003352
27.5283,0.003634
27.5305,0.002232
27.5334,0.002880
27.5369,0.003478
27.5402,0.003338
27.5440,0.003733
27.5464,0.002486
27.5494,0.002940
27.5518,0.002395
27.5544,0.002640
27.5575,0.003130
27.5611,0.003579
27.5634,0.002248
27.5667,0.003318
27.5692,0.002534
27.5716,0.002362
27.5742,0.002658
27.5788,0.004517
27.5816,0.002823
27.5839,0.002324
27.5863,0.002402
27.5889,0.002574
27.5927,0.003810
27.5957,0.003017
27.5983,0.002621
27.6009,0.002555
27.6029,0.002013
27.6061,0.003176
27.6095,0.003448
27.6125,0.002979
27.6159,0.003422
27.6189,0.002970
27.6242,0.005344
27.6287,0.004427
27.6335,0.004785
27.6378,0.004341
27.6424,0.004643
27.6478,0.005338
27.6510,0.003263
27.6534,0.002366
27.6571,0.003671
27.6619,0.004841
27.6650,0.003101
27.6687,0.003632
27.6716,0.002976
27.6762,0.004591
27.6790,0.002788
27.6809,0.001944
27.6833,0.002329
27.6869,0.003659
27.6894,0.002413
27.6939,0.004515
27.6971,0.003184
27.6993,0.002274
27.7021,0.002783
27.7044,0.002329
27.7080,0.003524
27.7115,0.003528
27.7138,0.002332
27.7166,0.002787
27.7192,0.002585
27.7212,0.001982
27.7239,0.002698
27.7271,0.003241
27.7300,0.002842
27.7322,0.002243
27.7345,0.002282
27.7384,0.003912
27.7434,0.005047
27.7469,0.003427
27.7496,0.002735
27.7528,0.003229
27.7561,0.003302
27.7602,0.004059
27.7624,0.002202
27.7643,0.001870
27.7676,0.003299
27.7703,0.002737
27.7723,0.002033
27.7757,0.003375
27.7796,0.003926
27.7823,0.002639
27.7843,0.002060
27.7866,0.002313
27.7889,0.002289
27.7938,0.004880
27.7964,0.002545
27.7983,0.001916
27.8010,0.002745
27.8031,0.002040
27.8055,0.002421
27.8095,0.004046
27.8121,0.002581
27.8144,0.002258
27.8174,0.003039
27.8196,0.002199
27.8219,0.002325
27.8264,0.004480
27.8291,0.002650
27.8311,0.002073
27.8341,0.002941
27.8372,0.003117
27.8404,0.003240
27.8428,0.002385
27.8451,0.002246
27.8479,0.002830
27.8503,0.002450
27.8525,0.002160
27.8545,0.002033
27.8588,0.004307
27.8620,0.003142
27.8654,0.003411
27.8680,0.002611
27.8705,0.002501
27.8748,0.004254
27.8788,0.004007
27.8816,0.002861
27.8848,0.003176
27.8877,0.002877
27.8904,0.002733
27.8927,0.002321
27.8952,0.002454
27.9056,0.010373
27.9140,0.008438
27.9212,0.007157
27.9356,0.014485
27.9388,0.003201
27.9414,0.002563
27.9455,0.004105
27.9481,0.002630
27.9502,0.002081
27.9532,0.002990
27.9555,0.002323
27.9600,0.004440
27.9624,0.002454
27.9643,0.001918
27.9665,0.002122
27.9687,0.002192
27.9711,0.002432
27.9741,0.003038
27.9774,0.003276
27.9800,0.002589
27.9827,0.002742
27.9849,0.002173
27.9871,0.002154
27.9897,0.002619
27.9936,0.003912
27.9960,0.002401
27.9983,0.002330
28.0001,0.001821
28.0021,0.001981
28.0046,0.002465
28.0074,0.002844
28.0108,0.003411
28.0131,0.002292
28.0154,0.002292
28.0174,0.001957
28.0195,0.002159
28.0222,0.002621
28.0274,0.005220
28.0370,0.009614
28.0525,0.015450
28.0640,0.011520
28.0663,0.002284
28.0685,0.002289
28.0710,0.002427
28.0736,0.002621
28.0780,0.004432
28.0804,0.002402
28.0827,0.002269
28.0852,0.002483
28.0878,0.002663
28.0903,0.002483
28.0972,0.006829
28.0998,0.002639
28.1018,0.002052
28.1041,0.002219
28.1074,0.003335
28.1183,0.010904
28.1259,0.007627
28.1286,0.002685
28.1308,0.002180
28.1329,0.002152
28.1351,0.002113
28.1371,0.002077
28.1399,0.002790
28.1443,0.004418
28.1517,0.007345
28.1556,0.003890
28.1644,0.008786
28.1687,0.004355
28.1721,0.003352
28.1772,0.005108
28.1830,0.005815
28.1863,0.003307
28.1894,0.003122
28.1936,0.004128
28.1967,0.003170
28.1991,0.002337
28.2020,0.002894
28.2041,0.002149
28.2068,0.002690
28.2096,0.002757
28.2133,0.003762
28.2157,0.002406
28.2178,0.002098
28.2200,0.002145
28.2229,0.002963
28.2264,0.003512
28.2296,0.003134
28.2325,0.002922
28.2343,0.001820
28.2375,0.003145
28.2419,0.004461
28.2450,0.003047
28.2484,0.003440
28.2512,0.002808
28.2536,0.002391
28.2557,0.002100
28.2598,0.004122
28.2630,0.003196
28.2654,0.002332
28.2680,0.002677
28.2707,0.002670
28.2731,0.002386
28.2771,0.003975
28.2794,0.002308
28.2825,0.003103
28.2847,0.002223
28.2866,0.001899
28.2894,0.002760
28.2938,0.004455
28.2964,0.002630
28.2987,0.002259
28.3016,0.002874
28.3045,0.002937
28.3082,0.003703
28.3107,0.002457
28.3128,0.002126
28.3154,0.002601
28.3187,0.003255
28.3213,0.002626
28.3240,0.002752
28.3272,0.003175
28.3294,0.002207
28.3326,0.003185
28.3351,0.002544
28.3376,0.002421
28.3406,0.003081
28.3444,0.003803
28.3480,0.003568
28.3505,0.002467
28.3527,0.002216
28.3551,0.002417
28.3608,0.005674
28.3678,0.006986
28.3705,0.002712
28.3732,0.002694
28.3769,0.003738
28.3817,0.004748
28.3847,0.003017
28.3875,0.002838
28.3900,0.002439
28.3933,0.003383
28.3966,0.003227
28.3994,0.002849
28.4017,0.002264
28.4043,0.002652
28.4071,0.002800
28.4107,0.003518
28.4138,0.003188
28.4163,0.002423
28.4188,0.002583
28.4210,0.002118
28.4245,0.003544
28.4283,0.003780
28.4309,0.002626
28.4332,0.002301
28.4353,0.002077
28.4380,0.002720
28.4407,0.002689
28.4466,0.005874
28.4492,0.002624
28.4516,0.002427
28.4546,0.002959
28.4598,0.005241
28.4654,0.005543
28.4688,0.003468
28.4720,0.003182
28.4756,0.003614
28.4802,0.004552
28.4835,0.003285
28.4858,0.002352
28.4876,0.001822
28.4902,0.002543
28.4942,0.004026
28.4965,0.002332
28.4985,0.001981
28.5010,0.002435
28.5043,0.003290
28.5085,0.004228
28.5152,0.006690
28.5179,0.002748
28.5214,0.003460
28.5265,0.005072
28.5297,0.003205
28.5319,0.002224
28.5351,0.003188
28.5376,0.002522
28.5402,0.002641
28.5438,0.003581
28.5467,0.002860
28.5497,0.003054
28.5520,0.002275
28.5542,0.002232
28.5565,0.002264
28.5617,0.005191
28.5675,0.005819
28.5795,0.012039
28.5818,0.002214
28.5850,0.003241
28.5875,0.002498
28.5919,0.004405
28.5956,0.003690
28.5993,0.003685
28.6024,0.003150
28.6138,0.011338
28.6160,0.002180
28.6180,0.002097
28.6205,0.002458
28.6252,0.004662
28.6385,0.013361
28.6511,0.012536
28.6624,0.011346
28.6650,0.002564
28.6763,0.011332
28.6787,0.002437
28.6809,0.002164
28.6832,0.002277
28.6866,0.003452
28.6891,0.002438
28.6932,0.004124
28.6985,0.005320
28.7011,0.002583
28.7032,0.002103
28.7063,0.003095
28.7103,0.003988
28.7133,0.002988
28.7252,0.011892
28.7349,0.009701
28.7469,0.012080
28.7583,0.011379
28.7697,0.011377
28.7825,0.012756
28.7928,0.010294
28.7950,0.002224
28.7971,0.002143
28.7993,0.002193
28.8014,0.002050
28.8035,0.002171
28.8058,0.002238
28.8092,0.003462
28.8131,0.003909
28.8158,0.002650
28.8184,0.002620
28.8217,0.003252
28.8252,0.003572
28.8287,0.003474
28.8307,0.001999
28.8328,0.002133
28.8354,0.002559
28.8384,0.002992
28.8431,0.004692
28.8486,0.005515
28.8616,0.013045
28.8706,0.008944
28.8730,0.002392
28.8751,0.002166
28.8792,0.004072
28.8831,0.003871
28.8856,0.002550
28.8885,0.002902
28.8920,0.003407
28.8963,0.004367
28.8999,0.003626
28.9022,0.002266
28.9047,0.002462
28.9094,0.004775
28.9124,0.002922
28.9145,0.002177
28.9166,0.002060
28.9186,0.002009
28.9223,0.003668
28.9260,0.003707
28.9308,0.004831
28.9337,0.002853
28.9359,0.002262
28.9389,0.002956
28.9417,0.002788
28.9451,0.003427
28.9486,0.003450
28.9619,0.013354
28.9710,0.009058
28.9734,0.002407
28.9756,0.002267
28.9806,0.004948
28.9830,0.002363
28.9855,0.002501
28.9883,0.002891
29.0008,0.012492
29.0033,0.002467
29.0055,0.002157
29.0124,0.006983
29.0156,0.003126
29.0185,0.002927
29.0207,0.002179
29.0238,0.003096
29.0273,0.003554
29.0295,0.002216
29.0315,0.001924
29.0350,0.003512
29.0372,0.002270
29.0399,0.002683
29.0438,0.003887
29.0467,0.002871
29.0498,0.003159
29.0528,0.002920
29.0550,0.002204
29.0600,0.004988
29.0625,0.002516
29.0645,0.001984
29.0668,0.002342
29.0703,0.003547
29.0740,0.003608
29.0777,0.003759
29.0803,0.002588
29.0825,0.002159
29.0844,0.001911
29.0864,0.002002
29.0895,0.003171
29.0937,0.004191
29.0959,0.002184
29.0982,0.002258
29.1007,0.002501
29.1032,0.002478
29.1074,0.004213
29.1113,0.003972
29.1137,0.002389
29.1158,0.002081
29.1184,0.002570
29.1208,0.002406
29.1237,0.002962
29.1275,0.003740
29.1301,0.002596
29.1322,0.002065
29.1345,0.002347
29.1372,0.002716
29.1409,0.003704
29.1439,0.002963
29.1460,0.002092
29.1487,0.002746
29.1531,0.004362
29.1567,0.003651
29.1617,0.005003
29.1655,0.003758
29.1685,0.003035
29.1718,0.003310
29.1770,0.005207
29.1798,0.002765
29.1834,0.003635
29.1872,0.003758
29.1902,0.003038
29.1945,0.004292
29.1978,0.003244
29.2006,0.002863
29.2039,0.003294
29.2071,0.003214
29.2111,0.003946
29.2133,0.002189
29.2153,0.002044
29.2174,0.002099
29.2195,0.002032
29.2216,0.002180
29.2241,0.002496
29.2274,0.003257
29.2299,0.002462
29.2327,0.002842
29.2348,0.002099
29.2376,0.002798
29.2407,0.003138
29.2446,0.003835
29.2471,0.002558
29.2501,0.002940
29.2535,0.003454
29.2577,0.004229
29.2612,0.003485
29.2634,0.002190
29.2659,0.002479
29.2687,0.002843
29.2707,0.001909
29.2741,0.003397
29.2779,0.003801
29.2804,0.002593
29.2824,0.002001
29.2850,0.002534
29.2875,0.002494
29.2911,0.003590
29.2944,0.003330
29.2967,0.002323
29.2992,0.002463
29.3021,0.002893
29.3040,0.001977
29.3074,0.003342
29.3108,0.003435
29.3135,0.002714
29.3159,0.002319
29.3181,0.002268
29.3207,0.002530
29.3242,0.003564
29.3276,0.003356
29.3298,0.002196
29.3320,0.002216
29.3349,0.002873
29.3370,0.002129
29.3404,0.003375
29.3439,0.003509
29.3466,0.002678
29.3487,0.002133
29.3514,0.002715
29.3549,0.003450
29.3586,0.003702
29.3614,0.002868
29.3637,0.002295
29.3662,0.002478
29.3692,0.002998
29.3715,0.002271
29.3751,0.003674
29.3781,0.002925
29.3808,0.002762
29.3828,0.001994
29.3854,0.002620
29.3883,0.002904
29.3925,0.004148
29.3947,0.002212
29.3972,0.002543
29.3997,0.002469
29.4027,0.002942
29.4051,0.002398
29.4088,0.003788
29.4113,0.002462
29.4143,0.003027
29.4164,0.002037
29.4191,0.002703
29.4217,0.002583
29.4342,0.012507
29.4403,0.006111
29.4482,0.007895
29.4651,0.016893
29.4681,0.003013
29.4707,0.002623
29.4732,0.002536
29.4758,0.002577
29.4780,0.002204
29.4798,0.001798
29.4821,0.002282
29.4843,0.002168
29.4864,0.002163
29.4887,0.002233
29.4912,0.002588
29.4940,0.002744
29.4972,0.003183
29.5000,0.002872
29.5022,0.002200
29.5049,0.002607
29.5086,0.003700
29.5123,0.003758
29.5146,0.002307
29.5175,0.002912
29.5202,0.002699
29.5236,0.003354
29.5273,0.003688
29.5298,0.002505
29.5320,0.002213
29.5350,0.002964
29.5371,0.002177
29.5404,0.003277
29.5438,0.003358
29.5465,0.002778
29.5488,0.002213
29.5513,0.002552
29.5545,0.003160
29.5605,0.006011
29.5629,0.002459
29.5652,0.002273
29.5672,0.002019
29.5693,0.002086
29.5725,0.003206
29.5763,0.003825
29.5785,0.002198
29.5810,0.002478
29.5839,0.002851
29.5860,0.002107
29.5893,0.003271
29.5934,0.004197
29.5960,0.002558
29.5979,0.001942
29.6005,0.002542
29.6033,0.002786
29.6068,0.003556
29.6103,0.003496
29.6126,0.002237
29.6152,0.002602
29.6190,0.003814
29.6214,0.002375
29.6246,0.003246
29.6287,0.004112
29.6308,0.002105
29.6332,0.002358
29.6362,0.003042
29.6393,0.003034
29.6428,0.003551
29.6450,0.002215
29.6477,0.002728
29.6507,0.002920
29.6531,0.002417
29.6577,0.004652
29.6617,0.003995
29.6640,0.002241
29.6675,0.003539
29.6699,0.002360
29.6732,0.003359
29.6769,0.003701
29.6795,0.002534
29.6821,0.002635
29.6852,0.003072
29.6873,0.002133
29.6906,0.003332
29.6941,0.003450
29.6970,0.002949
29.6993,0.002309
29.7019,0.002551
29.7043,0.002433
29.7084,0.004049
29.7114,0.003030
29.7136,0.002160
29.7163,0.002718
29.7193,0.003047
29.7215,0.002192
29.7257,0.004176
29.7281,0.002405
29.7310,0.002932
29.7356,0.004561
29.7512,0.015561
29.7624,0.011275
29.7647,0.002252
29.7670,0.002316
29.7702,0.003162
29.7739,0.003774
29.7794,0.005484
29.7822,0.002767
29.7847,0.002542
29.7870,0.002305
29.7905,0.003432
29.7940,0.003581
29.8011,0.007057
29.8047,0.003602
29.8094,0.004706
29.8127,0.003327
29.8147,0.002008
29.8170,0.002232
29.8195,0.002541
29.8221,0.002585
29.8270,0.004881
29.8292,0.002170
29.8314,0.002233
29.8338,0.002454
29.8363,0.002484
29.8437,0.007353
29.8561,0.012445
29.8600,0.003834
29.8620,0.002072
29.8643,0.002246
29.8668,0.002488
29.8689,0.002151
29.8720,0.003093
29.8754,0.003355
29.8786,0.003194
29.8807,0.002162
29.8829,0.002168
29.8848,0.001952
29.8874,0.002547
29.8914,0.003993
29.8964,0.005014
29.8986,0.002251
29.9017,0.003030
29.9038,0.002104
29.9075,0.003669
29.9130,0.005586
29.9151,0.002098
29.9175,0.002375
29.9205,0.003032
29.9237,0.003138
29.9269,0.003268
29.9291,0.002189
29.9327,0.003578
29.9365,0.003832
29.9406,0.004053
29.9431,0.002506
29.9467,0.003601
29.9580,0.011318
29.9677,0.009724
29.9788,0.011057
29.9877,0.008907
29.9900,0.002265
29.9936,0.003605
30.0047,0.011070
30.0093,0.004633
30.0126,0.003358
30.0255,0.012864
30.0356,0.010098
30.0489,0.013283
30.0535,0.004629
30.0572,0.003642
30.0620,0.004890
30.0647,0.002641
30.0683,0.003565
30.0715,0.003242
30.0755,0.003977
30.0784,0.002963
30.0810,0.002584
30.0831,0.002073
30.0857,0.002571
30.0882,0.002509
30.0931,0.004950
30.0962,0.003027
30.0988,0.002608
30.1014,0.002622
30.1054,0.004007
30.1124,0.007008
30.1170,0.004606
30.1203,0.003333
30.1281,0.007789
30.1318,0.003629
30.1350,0.003206
30.1377,0.002760
30.1410,0.003246
30.1445,0.003493
30.1473,0.002853
30.1500,0.002701
30.1551,0.005069
30.1625,0.007399
30.1688,0.006368
30.1716,0.002794
30.1765,0.004877
30.1800,0.003477
30.1828,0.002764
30.1850,0.002262
30.1883,0.003297
30.1925,0.004166
30.1956,0.003110
30.1983,0.002728
30.2005,0.002141
30.2033,0.002817
30.2057,0.002450
30.2094,0.003652
30.2122,0.002845
30.2156,0.003335
30.2189,0.003377
30.2218,0.002836
30.2247,0.002939
30.2277,0.002999
30.2301,0.002404
30.2322,0.002120
30.2344,0.002126
30.2364,0.002043
30.2386,0.002232
30.2413,0.002629
30.2436,0.002312
30.2458,0.002237
30.2480,0.002218
30.2504,0.002369
30.2523,0.001906
30.2545,0.002234
30.2593,0.004781
30.2631,0.003751
30.2653,0.002206
30.2676,0.002321
30.2703,0.002672
30.2739,0.003588
30.2772,0.003352
30.2795,0.002271
30.2820,0.002485
30.2848,0.002780
30.2868,0.002098
30.2902,0.003397
30.2969,0.006624
30.3034,0.006483
30.3080,0.004639
30.3111,0.003125
30.3165,0.005392
30.3273,0.010754
30.3341,0.006812
30.3410,0.006939
30.3460,0.004941
30.3517,0.005751
30.3539,0.002220
30.3565,0.002558
30.3603,0.003772
30.3633,0.003011
30.3668,0.003541
30.3759,0.009076
30.3806,0.004679
30.3852,0.004604
30.3881,0.002889
30.3914,0.003301
30.3959,0.004506
30.3983,0.002474
30.4003,0.001949
30.4023,0.002021
30.4044,0.002060
30.4080,0.003656
30.4108,0.002783
30.4138,0.002976
30.4165,0.002739
30.4194,0.002880
30.4215,0.002095
30.4258,0.004300
30.4308,0.004959
30.4329,0.002134
30.4361,0.003172
30.4400,0.003963
30.4457,0.005651
30.4489,0.003242
30.4511,0.002225
30.4533,0.002179
30.4558,0.002506
30.4585,0.002674
30.4623,0.003755
30.4657,0.003437
30.4685,0.002794
30.4706,0.002073
30.4736,0.003018
30.4775,0.003936
30.4802,0.002696
30.4822,0.002012
30.4847,0.002525
30.4874,0.002657
30.4913,0.003872
30.4943,0.002984
30.4966,0.002341
30.4992,0.002633
30.5020,0.002808
30.5040,0.002004
30.5085,0.004481
30.5115,0.003002
30.5143,0.002736
30.5164,0.002111
30.5191,0.002739
30.5220,0.002860
30.5268,0.004785
30.5291,0.002303
30.5311,0.002025
30.5338,0.002669
30.5367,0.002960
30.5392,0.002455
30.5433,0.004081
30.5457,0.002429
30.5488,0.003132
30.5509,0.002108
30.5539,0.002950
30.5581,0.004265
30.5618,0.003662
30.5645,0.002664
30.5672,0.002740
30.5697,0.002490
30.5737,0.004056
30.5777,0.003931
30.5800,0.002282
30.5825,0.002497
30.5858,0.003359
30.5880,0.002178
30.5917,0.003673
30.5944,0.002725
30.5980,0.003637
30.6034,0.005384
30.6063,0.002879
30.6129,0.006594
30.6197,0.006859
30.6282,0.008504
30.6317,0.003490
30.6368,0.005057
30.6410,0.004176
30.6472,0.006222
30.6525,0.005301
30.6548,0.002275
30.6578,0.003050
30.6613,0.003520
30.6650,0.003610
30.6673,0.002328
30.6698,0.002507
30.6720,0.002220
30.6763,0.004313
30.6801,0.003749
30.6823,0.002216
30.6850,0.002686
30.6887,0.003743
30.6933,0.004580
30.6979,0.004653
30.7005,0.002590
30.7026,0.002038
30.7054,0.002805
30.7100,0.004606
30.7150,0.005036
30.7171,0.002088
30.7197,0.002582
30.7224,0.002721
30.7272,0.004828
30.7293,0.002049
30.7318,0.002530
30.7343,0.002527
30.7372,0.002902
30.7404,0.003178
30.7442,0.003747
30.7465,0.002291
30.7498,0.003373
30.7520,0.002153
30.7549,0.002888
30.7589,0.004034
30.7627,0.003762
30.7653,0.002624
30.7680,0.002723
30.7710,0.002999
30.7754,0.004401
30.7781,0.002698
30.7804,0.002285
30.7831,0.002719
30.7865,0.003375
30.7889,0.002384
30.7932,0.004302
30.7954,0.002215
30.7985,0.003064
30.8005,0.002073
30.8063,0.005778
30.8114,0.005059
30.8144,0.002999
30.8172,0.002820
30.8204,0.003185
30.8242,0.003866
30.8272,0.002956
30.8301,0.002911
30.8335,0.003382
30.8368,0.003327
30.8410,0.004213
30.8445,0.003457
30.8477,0.003200
30.8516,0.003883
30.8547,0.003110
30.8595,0.004788
30.8624,0.002885
30.8660,0.003636
30.8686,0.002633
30.8715,0.002874
30.8760,0.004491
30.8794,0.003414
30.8822,0.002766
30.8844,0.002264
30.8875,0.003047
30.8925,0.005055
30.8954,0.002855
30.8981,0.002740
30.9013,0.003195
30.9047,0.003422
30.9077,0.002976
30.9114,0.003705
30.9151,0.003710
30.9175,0.002358
30.9199,0.002444
30.9221,0.002156
30.9257,0.003562
30.9279,0.002215
30.9305,0.002632
30.9325,0.002025
30.9344,0.001844
30.9372,0.002778
30.9405,0.003358
30.9434,0.002850
30.9572,0.013793
30.9649,0.007729
30.9758,0.010928
30.9967,0.020905
31.0001,0.003407
31.0024,0.002326
31.0041,0.001701
31.0069,0.002770
31.0117,0.004787
31.0138,0.002130
31.0158,0.001996
31.0178,0.001941
31.0202,0.002436
31.0229,0.002694
31.0273,0.004435
31.0296,0.002307
31.0322,0.002509
31.0359,0.003737
31.0385,0.002576
31.0421,0.003660
31.0448,0.002638
31.0476,0.002863
31.0497,0.002086
31.0532,0.003476
31.0555,0.002321
31.0600,0.004477
31.0629,0.002884
31.0660,0.003179
31.0684,0.002385
31.0720,0.003592
31.0769,0.004923
31.0793,0.002383
31.0825,0.003173
31.0848,0.002247
31.0868,0.002044
31.0888,0.002029
31.0940,0.005182
31.0965,0.002476
31.0988,0.002272
31.1015,0.002737
31.1035,0.001991
31.1077,0.004261
31.1105,0.002768
31.1130,0.002512
31.1168,0.003728
31.1192,0.002448
31.1220,0.002818
31.1252,0.003148
31.1281,0.002927
31.1315,0.003407
31.1339,0.002402
31.1358,0.001935
31.1384,0.002588
31.1435,0.005036
31.1465,0.003065
31.1487,0.002138
31.1505,0.001859
31.1531,0.002607
31.1573,0.004177
31.1628,0.005455
31.1682,0.005425
31.1724,0.004229
31.1776,0.005221
31.1812,0.003544
31.1840,0.002783
31.1872,0.003232
31.1921,0.004945
31.1953,0.003163
31.2000,0.004737
31.2038,0.003728
31.2071,0.003368
31.2119,0.004787
31.2146,0.002720
31.2173,0.002630
31.2219,0.004650
31.2258,0.003895
31.2295,0.003664
31.2316,0.002159
31.2334,0.001797
31.2356,0.002127
31.2383,0.002717
31.2416,0.003302
31.2436,0.002044
31.2464,0.002733
31.2484,0.002071
31.2515,0.003063
31.2537,0.002211
31.2572,0.003449
31.2596,0.002399
31.2622,0.002659
31.2642,0.001974
31.2680,0.003857
31.2706,0.002579
31.2743,0.003655
31.2786,0.004345
31.2808,0.002137
31.2834,0.002626
31.2860,0.002585
31.2883,0.002301
31.2927,0.004416
31.2947,0.002049
31.2972,0.002513
31.3002,0.002967
31.3052,0.004951
31.3092,0.004029
31.3114,0.002231
31.3140,0.002558
31.3166,0.002628
31.3185,0.001911
31.3205,0.001935
31.3241,0.003690
31.3296,0.005410
31.3318,0.002275
31.3339,0.002104
31.3366,0.002654
31.3401,0.003538
31.3446,0.004431
31.3492,0.004679
31.3536,0.004312
31.3573,0.003771
31.3606,0.003287
31.3629,0.002259
31.3666,0.003742
31.3690,0.002381
31.3721,0.003103
31.3766,0.004465
31.3791,0.002579
31.3823,0.003186
31.3859,0.003568
31.3893,0.003413
31.3932,0.003861
31.3955,0.002329
31.3977,0.002160
31.4006,0.002958
31.4027,0.002052
31.4054,0.002721
31.4097,0.004326
31.4124,0.002651
31.4145,0.002125
31.4171,0.002596
31.4195,0.002446
31.4228,0.003272
31.4267,0.003883
31.4289,0.002223
31.4314,0.002462
31.4342,0.002823
31.4366,0.002455
31.4398,0.003111
31.4434,0.003634
31.4462,0.002769
31.4484,0.002191
31.4509,0.002521
31.4533,0.002405
31.4576,0.004326
31.4608,0.003197
31.4632,0.002370
31.4658,0.002610
31.4691,0.003308
31.4718,0.002746
31.4764,0.004582
31.4791,0.002647
31.4812,0.002137
31.4836,0.002357
31.4862,0.002604
31.4899,0.003744
31.4933,0.003370
31.4956,0.002279
31.4982,0.002652
31.5010,0.002785
31.5032,0.002189
31.5067,0.003520
31.5102,0.003473
31.5128,0.002651
31.5150,0.002171
31.5176,0.002562
31.5201,0.002557
31.5238,0.003697
31.5269,0.003043
31.5293,0.002408
31.5317,0.002464
31.5350,0.003228
31.5372,0.002261
31.5408,0.003545
31.5439,0.003091
31.5469,0.003016
31.5491,0.002214
31.5518,0.002694
31.5545,0.002700
31.5587,0.004269
31.5613,0.002591
31.5638,0.002458
31.5667,0.002952
31.5702,0.003491
31.5732,0.002986
31.5770,0.003768
31.5793,0.002336
31.5825,0.003181
31.5847,0.002166
31.5876,0.002935
31.5908,0.003149
31.5943,0.003539
31.5965,0.002173
31.5992,0.002738
31.6020,0.002751
31.6053,0.003297
31.6090,0.003708
31.6111,0.002116
31.6137,0.002601
31.6173,0.003585
31.6201,0.002837
31.6239,0.003780
31.6280,0.004139
31.6302,0.002215
31.6327,0.002497
31.6353,0.002590
31.6390,0.003663
31.6425,0.003530
31.6446,0.002050
31.6472,0.002621
31.6501,0.002868
31.6522,0.002096
31.6547,0.002574
31.6590,0.004308
31.6620,0.002943
31.6642,0.002195
31.6667,0.002530
31.6693,0.002574
31.6730,0.003700
31.6772,0.004200
31.6795,0.002318
31.6820,0.002555
31.6850,0.002916
31.6871,0.002165
31.6906,0.003477
31.6942,0.003550
31.6971,0.002921
31.6992,0.002083
31.7018,0.002623
31.7043,0.002548
31.7083,0.003933
31.7109,0.002661
31.7133,0.002378
31.7159,0.002567
31.7188,0.002909
31.7210,0.002227
31.7250,0.003959
31.7283,0.003282
31.7311,0.002826
31.7331,0.002065
31.7357,0.002593
31.7388,0.003108
31.7433,0.004473
31.7456,0.002243
31.7478,0.002236
31.7507,0.002861
31.7534,0.002772
31.7568,0.003321
31.7605,0.003766
31.7629,0.002337
31.7664,0.003507
31.7689,0.002534
31.7724,0.003511
31.7780,0.005599
31.7802,0.002150
31.7821,0.001968
31.7847,0.002582
31.7875,0.002775
31.7915,0.003996
31.7940,0.002569
31.7966,0.002588
31.7991,0.002460
31.8020,0.002905
31.8044,0.002400
31.8083,0.003862
31.8110,0.002762
31.8138,0.002769
31.8159,0.002140
31.8193,0.003381
31.8217,0.002393
31.8262,0.004525
31.8283,0.002093
31.8307,0.002412
31.8334,0.002698
31.8366,0.003140
31.8392,0.002656
31.8431,0.003909
31.8454,0.002308
31.8485,0.003029
31.8505,0.002032
31.8530,0.002536
31.8564,0.003343
31.8604,0.003990
31.8626,0.002188
31.8650,0.002410
31.8678,0.002830
31.8707,0.002907
31.8742,0.003508
31.8784,0.004182
31.8811,0.002653
31.8832,0.002163
31.8858,0.002581
31.8888,0.003047
31.8928,0.003952
31.8949,0.002108
31.8977,0.002779
31.9003,0.002583
31.9031,0.002822
31.9055,0.002370
31.9099,0.004398
31.9124,0.002506
31.9152,0.002839
31.9174,0.002154
31.9199,0.002562
31.9232,0.003259
31.9271,0.003945
31.9294,0.002324
31.9318,0.002389
31.9344,0.002579
31.9373,0.002913
31.9403,0.002928
31.9436,0.003299
31.9461,0.002552
31.9493,0.003237
31.9515,0.002120
31.9541,0.002644
31.9576,0.003482
31.9831,0.025548
31.9949,0.011738
31.9973,0.002377
31.9992,0.001949
32.0013,0.002076
32.0032,0.001873
32.0056,0.002451
32.0090,0.003382
32.0130,0.004030
32.0157,0.002685
32.0176,0.001926
32.0201,0.002437
32.0236,0.003522
32.0301,0.006546
32.0327,0.002554
32.0350,0.002311
32.0370,0.002000
32.0440,0.007020
32.0578,0.013747
32.0600,0.002262
32.0620,0.001933
32.0641,0.002108
32.0661,0.001989
32.0682,0.002147
32.0701,0.001881
32.0727,0.002613
32.0775,0.004762
32.0823,0.004796
32.0844,0.002162
32.0865,0.002104
32.0898,0.003284
32.0965,0.006729
32.0989,0.002396
32.1013,0.002386
32.1039,0.002571
32.1079,0.004020
32.1128,0.004929
32.1151,0.002271
32.1179,0.002841
32.1199,0.001961
32.1232,0.003282
32.1266,0.003416
32.1298,0.003214
32.1319,0.002093
32.1351,0.003173
32.1391,0.004003
32.1423,0.003232
32.1447,0.002424
32.1468,0.002009
32.1491,0.002396
32.1517,0.002527
32.1548,0.003134
32.1580,0.003153
32.1641,0.006107
32.1698,0.005738
32.1766,0.006772
32.1936,0.017030
32.2044,0.010833
32.2159,0.011471
32.2198,0.003900
32.2345,0.014694
32.2367,0.002238
32.2391,0.002396
32.2428,0.003619
32.2464,0.003671
32.2488,0.002419
32.2514,0.002578
32.2543,0.002886
32.2588,0.004496
32.2626,0.003783
32.2647,0.002118
32.2670,0.002257
32.2704,0.003410
32.2741,0.003740
32.2838,0.009710
32.2871,0.003313
32.2920,0.004859
32.2955,0.003502
32.2976,0.002056
32.2995,0.001908
32.3019,0.002481
32.3042,0.002215
32.3077,0.003588
32.3112,0.003475
32.3133,0.002108
32.3154,0.002121
32.3188,0.003327
32.3210,0.002210
32.3244,0.003443
32.3292,0.004784
32.3313,0.002041
32.3339,0.002629
32.3365,0.002592
32.3402,0.003740
32.3445,0.004330
32.3469,0.002315
32.3510,0.004185
32.3559,0.004853
32.3676,0.011657
32.3698,0.002234
32.3718,0.002000
32.3742,0.002411
32.3770,0.002837
32.3802,0.003195
32.3825,0.002255
32.3854,0.002897
32.3883,0.002909
32.3940,0.005744
32.3985,0.004468
32.4008,0.002275
32.4035,0.002737
32.4063,0.002802
32.4193,0.013021
32.4312,0.011809
32.4403,0.009108
32.4631,0.022808
32.4654,0.002299
32.4674,0.002026
32.4696,0.002227
32.4718,0.002136
32.4761,0.004391
32.4802,0.004099
32.4827,0.002438
32.4846,0.001941
32.4879,0.003241
32.4908,0.002958
32.4970,0.006129
32.4996,0.002691
32.5017,0.002053
32.5048,0.003142
32.5088,0.004004
32.5240,0.015116
32.5343,0.010295
32.5363,0.002021
32.5383,0.002023
32.5420,0.003662
32.5466,0.004599
32.5499,0.003368
32.5530,0.003025
32.5555,0.002581
32.5612,0.005704
32.5642,0.002940
32.5669,0.002747
32.5694,0.002459
32.5718,0.002467
32.5748,0.002960
32.5809,0.006054
32.5848,0.003925
32.5881,0.003333
32.5965,0.008343
32.5991,0.002628
32.6012,0.002104
32.6034,0.002203
32.6062,0.002831
32.6104,0.004142
32.6127,0.002283
32.6148,0.002176
32.6175,0.002681
32.6206,0.003045
32.6237,0.003127
32.6291,0.005377
32.6320,0.002977
32.6341,0.002067
32.6365,0.002371
32.6398,0.003325
32.6453,0.005454
32.6477,0.002426
32.6497,0.002034
32.6524,0.002712
32.6553,0.002841
32.6596,0.004334
32.6694,0.009750
32.6716,0.002209
32.6734,0.001872
32.6764,0.002932
32.6783,0.001916
32.6807,0.002391
32.6835,0.002791
32.6856,0.002183
32.6875,0.001890
32.6925,0.004990
32.6976,0.005081
32.7001,0.002469
32.7026,0.002497
32.7049,0.002299
32.7094,0.004553
32.7138,0.004327
32.7159,0.002104
32.7181,0.002263
32.7208,0.002688
32.7266,0.005793
32.7299,0.003347
32.7322,0.002246
32.7349,0.002726
32.7373,0.002350
32.7407,0.003451
32.7439,0.003182
32.7466,0.002720
32.7488,0.002147
32.7517,0.002952
32.7542,0.002449
32.7581,0.003933
32.7607,0.002627
32.7630,0.002297
32.7656,0.002529
32.7685,0.002949
32.7706,0.002144
32.7741,0.003448
32.7772,0.003138
32.7800,0.002747
32.7822,0.002241
32.7860,0.003748
32.7888,0.002872
32.7933,0.004432
32.7956,0.002309
32.7982,0.002584
32.8017,0.003541
32.8047,0.002978
32.8080,0.003326
32.8115,0.003516
32.8136,0.002071
32.8166,0.003033
32.8188,0.002208
32.8210,0.002191
32.8246,0.003611
32.8281,0.003427
32.8302,0.002128
32.8323,0.002120
32.8349,0.002602
32.8376,0.002728
32.8418,0.004132
32.8442,0.002422
32.8465,0.002280
32.8492,0.002701
32.8519,0.002726
32.8556,0.003736
32.8686,0.012974
32.8709,0.002232
32.8730,0.002198
32.8764,0.003326
32.8792,0.002827
32.8814,0.002236
32.8837,0.002238
32.8864,0.002715
32.8887,0.002268
32.8943,0.005663
32.8983,0.004023
32.9007,0.002349
32.9028,0.002088
32.9060,0.003263
32.9125,0.006464
32.9148,0.002249
32.9178,0.003086
32.9198,0.001962
32.9229,0.003131
32.9293,0.006399
32.9316,0.002224
32.9335,0.001947
32.9361,0.002552
32.9396,0.003508
32.9431,0.003502
32.9461,0.003072
32.9484,0.002296
32.9511,0.002709
32.9532,0.002024
32.9566,0.003458
32.9602,0.003590
32.9631,0.002848
32.9651,0.002002
32.9676,0.002512
32.9702,0.002573
32.9739,0.003694
32.9771,0.003213
32.9800,0.002947
32.9828,0.002798
32.9864,0.003605
32.9898,0.003426
32.9938,0.003929
32.9965,0.002703
32.9985,0.001984
33.0028,0.004329
33.0161,0.013310
33.0182,0.002106
33.0200,0.001802
33.0224,0.002383
33.0259,0.003506
33.0300,0.004149
33.0322,0.002200
33.0342,0.001996
33.0365,0.002275
33.0407,0.004166
33.0472,0.006475
33.0495,0.002363
33.0525,0.002997
33.0546,0.002096
33.0582,0.003626
33.0643,0.006097
33.0665,0.002177
33.0688,0.002285
33.0714,0.002622
33.0759,0.004477
33.0780,0.002100
33.0801,0.002123
33.0826,0.002490
33.0852,0.002581
33.0891,0.003944
33.0931,0.003987
33.0952,0.002063
33.0992,0.003998
33.1039,0.004706
33.1069,0.002972
33.1108,0.003912
33.1132,0.002429
33.1242,0.010970
33.1264,0.002265
33.1283,0.001879
33.1305,0.002149
33.1324,0.001934
33.1345,0.002141
33.1365,0.001965
33.1391,0.002647
33.1433,0.004143
33.1478,0.004532
33.1522,0.004377
33.1560,0.003763
33.1611,0.005190
33.1649,0.003795
33.1693,0.004326
33.1745,0.005225
33.1799,0.005406
33.1851,0.005204
33.1911,0.005955
33.1975,0.006472
33.2010,0.003479
33.2067,0.005666
33.2118,0.005076
33.2143,0.002593
33.2189,0.004537
33.2244,0.005547
33.2279,0.003475
33.2302,0.002301
33.2323,0.002123
33.2349,0.002572
33.2371,0.002221
33.2404,0.003263
33.2439,0.003554
33.2465,0.002517
33.2486,0.002098
33.2506,0.002017
33.2527,0.002081
33.2549,0.002273
33.2586,0.003709
33.2613,0.002694
33.2641,0.002813
33.2670,0.002828
33.2698,0.002785
33.2720,0.002232
33.2760,0.003985
33.2792,0.003277
33.2819,0.002676
33.2841,0.002190
33.2870,0.002904
33.2925,0.005462
33.2951,0.002630
33.2975,0.002406
33.2999,0.002423
33.3027,0.002806
33.3051,0.002333
33.3094,0.004347
33.3116,0.002129
33.3144,0.002860
33.3164,0.001961
33.3190,0.002659
33.3217,0.002670
33.3261,0.004392
33.3282,0.002123
33.3304,0.002194
33.3328,0.002419
33.3356,0.002732
33.3387,0.003146
33.3423,0.003605
33.3445,0.002165
33.3469,0.002431
33.3497,0.002805
33.3521,0.002343
33.3549,0.002872
33.3590,0.004031
33.3615,0.002566
33.3636,0.002059
33.3663,0.002696
33.3689,0.002653
33.3720,0.003068
33.3756,0.003551
33.3780,0.002405
33.3802,0.002233
33.3831,0.002945
33.3852,0.002051
33.3880,0.002778
33.3927,0.004739
33.3956,0.002927
33.3981,0.002477
33.4004,0.002333
33.4031,0.002638
33.4065,0.003417
33.4099,0.003402
33.4121,0.002188
33.4150,0.002869
33.4175,0.002524
33.4195,0.001978
33.4224,0.002931
33.4262,0.003797
33.4291,0.002882
33.4312,0.002126
33.4336,0.002437
33.4360,0.002345
33.4394,0.003429
33.4430,0.003607
33.4452,0.002191
33.4477,0.002501
33.4506,0.002906
33.4526,0.001984
33.4553,0.002653
33.4601,0.004830
33.4628,0.002712
33.4649,0.002068
33.4671,0.002247
33.4696,0.002500
33.4731,0.003490
33.4764,0.003339
33.4788,0.002359
33.4814,0.002550
33.4841,0.002790
33.4862,0.002010
33.4902,0.004028
33.4948,0.004611
33.4969,0.002149
33.4991,0.002172
33.5019,0.002772
33.5053,0.003451
33.5090,0.003636
33.5112,0.002197
33.5133,0.002099
33.5163,0.002992
33.5183,0.002054
33.5214,0.003096
33.5251,0.003710
33.5279,0.002750
33.5301,0.002232
33.5324,0.002257
33.5348,0.002432
33.5381,0.003292
33.5417,0.003600
33.5440,0.002352
33.5466,0.002524
33.5497,0.003099
33.5517,0.002019
33.5543,0.002588
33.5586,0.004379
33.5614,0.002795
33.5635,0.002076
33.5661,0.002541
33.5685,0.002450
33.5714,0.002924
33.5772,0.005746
33.5913,0.014100
33.5937,0.002461
33.5958,0.002114
33.5988,0.002910
33.6015,0.002773
33.6040,0.002461
33.6076,0.003635
33.6123,0.004715
33.6146,0.002286
33.6167,0.002081
33.6192,0.002503
33.6225,0.003245
33.6263,0.003819
33.6296,0.003327
33.6328,0.003192
33.6348,0.002045
33.6372,0.002393
33.6408,0.003543
33.6464,0.005632
33.6485,0.002080
33.6507,0.002241
33.6531,0.002399
33.6567,0.003603
33.6605,0.003754
33.6627,0.002250
33.6649,0.002166
33.6680,0.003072
33.6747,0.006718
33.6862,0.011548
33.6885,0.002238
33.6905,0.002072
33.6938,0.003207
33.6968,0.003073
33.6991,0.002283
33.7013,0.002212
33.7035,0.002195
33.7066,0.003067
33.7124,0.005765
33.7163,0.003998
33.7278,0.011497
33.7310,0.003135
33.7330,0.001999
33.7354,0.002464
33.7382,0.002767
33.7414,0.003163
33.7464,0.005004
33.7502,0.003873
33.7525,0.002198
33.7545,0.002077
33.7582,0.003700
33.7613,0.003035
33.7632,0.001982
33.7653,0.002089
33.7684,0.003110
33.7707,0.002251
33.7747,0.003983
33.7822,0.007532
33.7955,0.013325
33.7977,0.002158
33.7996,0.001921
33.8018,0.002169
33.8038,0.001992
33.8066,0.002822
33.8105,0.003892
33.8140,0.003487
33.8168,0.002876
33.8191,0.002265
33.8220,0.002865
33.8274,0.005425
33.8326,0.005171
33.8351,0.002485
33.8381,0.003007
33.8414,0.003330
33.8476,0.006167
33.8503,0.002729
33.8524,0.002115
33.8592,0.006794
33.8728,0.013602
33.8834,0.010636
33.8864,0.003007
33.8887,0.002271
33.8930,0.004243
33.8964,0.003459
33.8987,0.002292
33.9125,0.013805
33.9192,0.006684
33.9302,0.010951
33.9472,0.017022
33.9500,0.002817
33.9522,0.002238
33.9543,0.002070
33.9577,0.003363
33.9602,0.002542
33.9624,0.002221
33.9646,0.002132
33.9668,0.002266
33.9687,0.001851
33.9711,0.002414
33.9741,0.002973
33.9767,0.002603
33.9792,0.002505
33.9818,0.002673
33.9840,0.002160
33.9862,0.002180
33.9901,0.003967
33.9953,0.005151
33.9979,0.002612
34.0036,0.005726
34.0168,0.013140
34.0199,0.003103
34.0227,0.002779
34.0343,0.011604
34.0365,0.002202
34.0388,0.002305
34.0428,0.004001
34.0468,0.004021
34.0490,0.002178
34.0512,0.002281
34.0540,0.002707
34.0580,0.004088
34.0620,0.003943
34.0645,0.002533
34.0669,0.002367
34.0699,0.002990
34.0723,0.002459
34.0793,0.006946
34.0820,0.002732
34.0841,0.002077
34.0867,0.002593
34.0901,0.003424
34.0977,0.007636
34.1001,0.002368
34.1023,0.002171
34.1062,0.003878
34.1120,0.005800
34.1144,0.002466
34.1168,0.002371
34.1191,0.002254
34.1216,0.002567
34.1262,0.004547
34.1285,0.002303
34.1304,0.001892
34.1328,0.002441
34.1354,0.002550
34.1386,0.003286
34.1426,0.003935
34.1460,0.003471
34.1488,0.002759
34.1509,0.002129
34.1534,0.002459
34.1573,0.003949
34.1635,0.006210
34.1671,0.003539
34.1710,0.003890
34.1778,0.006843
34.1811,0.003327
34.1836,0.002488
34.1859,0.002221
34.1885,0.002594
34.1921,0.003680
34.1948,0.002642
34.1978,0.003072
34.2007,0.002848
34.2029,0.002171
34.2075,0.004604
34.2102,0.002692
34.2131,0.002987
34.2153,0.002192
34.2176,0.002276
34.2204,0.002788
34.2242,0.003836
34.2267,0.002488
34.2291,0.002413
34.2314,0.002293
34.2337,0.002230
34.2362,0.002549
34.2385,0.002322
34.2416,0.003086
34.2437,0.002117
34.2469,0.003140
34.2490,0.002080
34.2516,0.002645
34.2542,0.002591
34.2584,0.004254
34.2606,0.002158
34.2631,0.002526
34.2657,0.002540
34.2687,0.003014
34.2710,0.002267
34.2746,0.003678
34.2772,0.002607
34.2800,0.002805
34.2822,0.002141
34.2847,0.002495
34.2875,0.002818
34.2916,0.004067
34.2941,0.002491
34.2972,0.003111
34.3003,0.003092
34.3031,0.002811
34.3062,0.003155
34.3096,0.003416
34.3119,0.002290
34.3151,0.003196
34.3173,0.002200
34.3198,0.002471
34.3231,0.003351
34.3270,0.003851
34.3295,0.002490
34.3317,0.002197
34.3343,0.002569
34.3373,0.003047
34.3401,0.002760
34.3434,0.003317
34.3459,0.002505
34.3487,0.002823
34.3509,0.002148
34.3533,0.002402
34.3567,0.003423
34.3607,0.004009
34.3629,0.002167
34.3651,0.002216
34.3677,0.002675
34.3702,0.002435
34.3740,0.003850
34.3771,0.003046
34.3795,0.002396
34.3819,0.002431
34.3848,0.002924
34.3871,0.002226
34.3906,0.003528
34.3940,0.003462
34.3970,0.002990
34.3998,0.002749
34.4024,0.002664
34.4075,0.005096
34.4190,0.011430
34.4211,0.002166
34.4232,0.002079
34.4268,0.003562
34.4297,0.002932
34.4319,0.002166
34.4341,0.002272
34.4364,0.002252
34.4409,0.004516
34.4450,0.004111
34.4477,0.002717
34.4499,0.002137
34.4528,0.002871
34.4551,0.002378
34.4624,0.007250
34.4651,0.002700
34.4671,0.002058
34.4708,0.003672
34.4744,0.003559
34.4799,0.005553
34.4820,0.002085
34.4841,0.002045
34.4867,0.002602
34.4903,0.003650
34.4932,0.002932
34.4957,0.002415
34.4987,0.003091
34.5027,0.003964
34.5054,0.002663
34.5089,0.003548
34.5112,0.002326
34.5141,0.002851
34.5163,0.002225
34.5189,0.002533
34.5214,0.002532
34.5259,0.004511
34.5280,0.002096
34.5305,0.002551
34.5330,0.002459
34.5359,0.002920
34.5383,0.002356
34.5422,0.003953
34.5445,0.002273
34.5480,0.003476
34.5501,0.002144
34.5524,0.002292
34.5553,0.002927
34.5600,0.004664
34.5621,0.002100
34.5643,0.002243
34.5671,0.002729
34.5695,0.002470
34.5732,0.003611
34.5763,0.003125
34.5794,0.003081
34.5817,0.002377
34.5846,0.002821
34.5869,0.002330
34.5903,0.003437
34.5936,0.003232
34.5965,0.002942
34.5992,0.002650
34.6023,0.003174
34.6048,0.002440
34.6095,0.004752
34.6116,0.002125
34.6138,0.002112
34.6165,0.002745
34.6196,0.003070
34.6227,0.003093
34.6265,0.003869
34.6290,0.002479
34.6321,0.003042
34.6340,0.001932
34.6364,0.002454
34.6398,0.003330
34.6436,0.003817
34.6457,0.002117
34.6482,0.002521
34.6507,0.002515
34.6537,0.002924
34.6569,0.003220
34.6602,0.003362
34.6627,0.002419
34.6656,0.002952
34.6677,0.002101
34.6704,0.002658
34.6739,0.003560
34.6774,0.003499
34.6795,0.002044
34.6818,0.002362
34.6844,0.002513
34.6880,0.003621
34.6913,0.003333
34.6941,0.002839
34.6967,0.002524
34.7000,0.003326
34.7027,0.002681
34.7063,0.003611
34.7101,0.003807
34.7121,0.001965
34.7145,0.002472
34.7172,0.002667
34.7203,0.003060
34.7233,0.003027
34.7266,0.003289
34.7291,0.002498
34.7320,0.002951
34.7341,0.002121
34.7368,0.002682
34.7404,0.003546
34.7437,0.003290
34.7458,0.002126
34.7483,0.002488
34.7510,0.002761
34.7541,0.003045
34.7573,0.003177
34.7603,0.003033
34.7627,0.002409
34.7660,0.003294
34.7682,0.002170
34.7708,0.002609
34.7747,0.003966
34.7777,0.002906
34.7797,0.002061
34.7826,0.002873
34.7849,0.002275
34.7881,0.003237
34.7920,0.003892
34.7941,0.002082
34.7999,0.005870
34.8125,0.012605
34.8147,0.002149
34.8167,0.001990
34.8187,0.002066
34.8206,0.001890
34.8236,0.003001
34.8277,0.004051
34.8310,0.003280
34.8337,0.002772
34.8359,0.002197
34.8392,0.003276
34.8465,0.007302
34.8487,0.002157
34.8514,0.002732
34.8545,0.003054
34.8605,0.006024
34.8650,0.004563
34.8674,0.002377
34.8704,0.003014
34.8739,0.003422
34.8771,0.003224
34.8794,0.002269
34.8822,0.002892
34.8852,0.002978
34.8912,0.006015
34.8940,0.002724
34.8962,0.002225
34.8985,0.002300
34.9015,0.002987
34.9040,0.002538
34.9073,0.003330
34.9113,0.003971
34.9135,0.002229
34.9163,0.002763
34.9183,0.001976
34.9212,0.002943
34.9266,0.005416
34.9297,0.003021
34.9319,0.002214
34.9347,0.002853
34.9476,0.012904
34.9509,0.003305
34.9530,0.002063
34.9555,0.002492
34.9597,0.004225
34.9626,0.002851
34.9649,0.002287
34.9672,0.002322
34.9696,0.002402
34.9717,0.002086
34.9761,0.004475
34.9818,0.005622
34.9841,0.002344
34.9867,0.002583
34.9910,0.004352
34.9980,0.006939
35.0024,0.004440
35.0065,0.004049
35.0102,0.003698
35.0129,0.002684
35.0157,0.002821
35.0183,0.002643
35.0211,0.002833
35.0246,0.003446
35.0278,0.003196
35.0301,0.002344
35.0331,0.002969
35.0351,0.001987
35.0377,0.002641
35.0419,0.004215
35.0445,0.002576
35.0470,0.002491
35.0494,0.002355
35.0518,0.002411
35.0548,0.003043
35.0585,0.003710
35.0607,0.002174
35.0630,0.002285
35.0659,0.002951
35.0682,0.002292
35.0708,0.002557
35.0741,0.003347
35.0775,0.003363
35.0796,0.002067
35.0819,0.002317
35.0843,0.002439
35.0873,0.002943
35.0906,0.003293
35.0936,0.003052
35.0960,0.002371
35.0985,0.002499
35.1015,0.003033
35.1041,0.002593
35.1089,0.004766
35.1115,0.002611
35.1135,0.002066
35.1157,0.002104
35.1184,0.002758
35.1209,0.002538
35.1260,0.005032
35.1283,0.002286
35.1304,0.002102
35.1327,0.002303
35.1352,0.002496
35.1384,0.003260
35.1422,0.003779
35.1446,0.002347
35.1471,0.002505
35.1499,0.002879
35.1520,0.002066
35.1551,0.003083
35.1609,0.005802
35.1638,0.002915
35.1669,0.003144
35.1698,0.002835
35.1736,0.003855
35.1773,0.003619
35.1805,0.003204
35.1833,0.002875
35.1862,0.002914
35.1898,0.003547
35.1942,0.004397
35.1968,0.002631
35.2000,0.003199
35.2032,0.003162
35.2092,0.005983
35.2129,0.003689
35.2153,0.002452
35.2176,0.002284
35.2210,0.003413
35.2241,0.003106
35.2272,0.003120
35.2296,0.002377
35.2325,0.002872
35.2348,0.002283
35.2379,0.003091
35.2415,0.003632
35.2441,0.002640
35.2465,0.002401
35.2493,0.002740
35.2521,0.002785
35.2553,0.003278
35.2590,0.003630
35.2614,0.002421
35.2637,0.002274
35.2667,0.003039
35.2691,0.002428
35.2719,0.002756
35.2759,0.003977
35.2786,0.002732
35.2808,0.002170
35.2833,0.002552
35.2859,0.002625
35.2895,0.003579
35.2927,0.003215
35.2954,0.002664
35.3048,0.009432
35.3126,0.007790
35.3205,0.007933
35.3283,0.007737
35.3430,0.014700
35.3453,0.002364
35.3476,0.002210
35.3496,0.002037
35.3515,0.001885
35.3536,0.002119
35.3560,0.002407
35.3585,0.002455
35.3604,0.001906
35.3621,0.001763
35.3652,0.003063
35.3674,0.002175
35.3699,0.002533
35.3736,0.003701
35.3773,0.003719
35.3794,0.002093
35.3818,0.002390
35.3844,0.002554
35.3875,0.003125
35.3911,0.003605
35.3938,0.002668
35.3961,0.002347
35.3991,0.003038
35.4013,0.002164
35.4041,0.002761
35.4101,0.006013
35.4122,0.002164
35.4143,0.002045
35.4170,0.002744
35.4195,0.002482
35.4234,0.003933
35.4267,0.003219
35.4291,0.002469
35.4339,0.004757
35.4469,0.013028
35.4490,0.002110
35.4508,0.001755
35.4529,0.002117
35.4549,0.002005
35.4588,0.003919
35.4631,0.004234
35.4655,0.002475
35.4677,0.002190
35.4714,0.003720
35.4752,0.003721
35.4806,0.005433
35.4832,0.002615
35.4867,0.003480
35.4902,0.003503
35.4967,0.006528
35.4989,0.002149
35.5012,0.002312
35.5045,0.003275
35.5097,0.005194
35.5128,0.003161
35.5176,0.004746
35.5202,0.002684
35.5230,0.002722
35.5256,0.002633
35.5278,0.002220
35.5301,0.002280
35.5321,0.002027
35.5346,0.002454
35.5373,0.002728
35.5426,0.005237
35.5530,0.010475
35.5564,0.003412
35.5590,0.002536
35.5608,0.001839
35.5633,0.002521
35.5657,0.002321
35.5679,0.002289
35.5703,0.002320
35.5725,0.002216
35.5773,0.004845
35.5818,0.004486
35.5840,0.002209
35.5863,0.002280
35.5902,0.003899
35.5951,0.004933
35.5978,0.002661
35.6005,0.002712
35.6027,0.002150
35.6064,0.003761
35.6132,0.006793
35.6155,0.002272
35.6176,0.002151
35.6205,0.002840
35.6252,0.004691
35.6277,0.002560
35.6301,0.002405
35.6326,0.002472
35.6365,0.003870
35.6396,0.003180
35.6429,0.003225
35.6455,0.002626
35.6475,0.002044
35.6495,0.001970
35.6517,0.002229
35.6543,0.002559
35.6591,0.004800
35.6613,0.002170
35.6633,0.002015
35.6659,0.002575
35.6683,0.002450
35.6713,0.002990
35.6752,0.003868
35.6777,0.002539
35.6799,0.002223
35.6828,0.002822
35.6847,0.001939
35.6875,0.002794
35.6914,0.003875
35.6943,0.002923
35.6963,0.002002
35.6987,0.002460
35.7013,0.002549
35.7047,0.003387
35.7110,0.006351
35.7137,0.002714
35.7164,0.002621
35.7184,0.002040
35.7210,0.002637
35.7256,0.004573
35.7282,0.002590
35.7301,0.001940
35.7323,0.002185
35.7349,0.002611
35.7378,0.002877
35.7422,0.004426
35.7443,0.002061
35.7465,0.002160
35.7492,0.002716
35.7519,0.002710
35.7547,0.002818
35.7585,0.003810
35.7607,0.002204
35.7631,0.002398
35.7662,0.003077
35.7682,0.002040
35.7709,0.002642
35.7749,0.004042
35.7775,0.002619
35.7796,0.002075
35.7822,0.002616
35.7850,0.002756
35.7884,0.003383
35.7918,0.003437
35.7941,0.002308
35.7966,0.002495
35.8000,0.003375
35.8020,0.002027
35.8047,0.002671
35.8095,0.004817
35.8124,0.002880
35.8146,0.002220
35.8174,0.002769
35.8197,0.002316
35.8233,0.003636
35.8264,0.003080
35.8290,0.002606
35.8316,0.002577
35.8343,0.002701
35.8364,0.002140
35.8400,0.003552
35.8431,0.003162
35.8462,0.003093
35.8483,0.002067
35.8507,0.002415
35.8534,0.002724
35.8569,0.003494
35.8601,0.003176
35.8624,0.002305
35.8652,0.002813
35.8685,0.003302
35.8710,0.002463
35.8758,0.004852
35.8788,0.002938
35.8808,0.002043
35.8831,0.002230
35.8857,0.002672
35.8893,0.003563
35.8926,0.003339
35.8949,0.002312
35.8976,0.002654
35.9004,0.002806
35.9025,0.002072
35.9061,0.003649
35.9112,0.005039
35.9134,0.002218
35.9159,0.002493
35.9184,0.002535
35.9220,0.003617
35.9258,0.003814
35.9279,0.002036
35.9301,0.002245
35.9331,0.002966
35.9352,0.002137
35.9381,0.002873
35.9421,0.003957
35.9448,0.002794
35.9470,0.002111
35.9496,0.002622
35.9521,0.002560
35.9556,0.003485
35.9591,0.003505
35.9614,0.002243
35.9640,0.002597
35.9669,0.002923
35.9690,0.002129
35.9724,0.003419
35.9760,0.003577
35.9787,0.002675
35.9808,0.002114
35.9833,0.002479
35.9859,0.002645
35.9897,0.003800
35.9927,0.002982
35.9952,0.002494
35.9981,0.002841
36.0008,0.002757
36.0032,0.002438
36.0074,0.004196
36.0114,0.004004
36.0135,0.002039
36.0161,0.002593
36.0189,0.002785
36.0223,0.003412
36.0257,0.003453
36.0281,0.002396
36.0306,0.002451
36.0337,0.003135
36.0359,0.002155
36.0392,0.003353
36.0426,0.003344
36.0455,0.002907
36.0477,0.002228
36.0504,0.002702
36.0529,0.002497
36.0567,0.003767
36.0597,0.003078
36.0621,0.002368
36.0647,0.002567
36.0678,0.003078
36.0699,0.002142
36.0735,0.003576
36.0766,0.003090
36.0805,0.003955
36.0927,0.012161
36.0948,0.002133
36.0967,0.001867
36.0986,0.001954
36.1004,0.001722
36.1022,0.001849
36.1046,0.002424
36.1085,0.003903
36.1157,0.007196
36.1180,0.002304
36.1200,0.001951
36.1233,0.003293
36.1305,0.007263
36.1326,0.002079
36.1348,0.002222
36.1377,0.002821
36.1428,0.005187
36.1476,0.004784
36.1502,0.002619
36.1527,0.002490
36.1557,0.002976
36.1602,0.004526
36.1641,0.003845
36.1667,0.002612
36.1692,0.002467
36.1729,0.003764
36.1781,0.005180
36.1810,0.002917
36.1841,0.003073
36.1883,0.004243
36.1923,0.004009
36.1957,0.003329
36.1989,0.003206
36.2016,0.002668
36.2049,0.003312
36.2111,0.006250
36.2136,0.002508
36.2160,0.002355
36.2182,0.002229
36.2225,0.004344
36.2265,0.004001
36.2291,0.002574
36.2313,0.002166
36.2338,0.002463
36.2358,0.002055
36.2392,0.003390
36.2426,0.003446
36.2455,0.002830
36.2475,0.002069
36.2500,0.002420
36.2526,0.002643
36.2563,0.003648
36.2594,0.003134
36.2616,0.002210
36.2641,0.002521
36.2670,0.002873
36.2690,0.001981
36.2720,0.003065
36.2758,0.003780
36.2785,0.002693
36.2806,0.002079
36.2832,0.002653
36.2856,0.002326
36.2889,0.003383
36.2922,0.003234
36.2945,0.002284
36.2973,0.002802
36.3004,0.003108
36.3025,0.002144
36.3057,0.003134
36.3095,0.003851
36.3133,0.003825
36.3156,0.002292
36.3180,0.002337
36.3206,0.002598
36.3247,0.004154
36.3272,0.002513
36.3299,0.002627
36.3324,0.002516
36.3352,0.002800
36.3375,0.002315
36.3415,0.004063
36.3438,0.002254
36.3475,0.003658
36.3500,0.002521
36.3562,0.006213
36.3614,0.005213
36.3643,0.002864
36.3673,0.002994
36.3698,0.002542
36.3738,0.003960
36.3762,0.002470
36.3786,0.002322
36.3805,0.001941
36.3823,0.001838
36.3851,0.002744
36.3874,0.002369
36.3918,0.004306
36.3942,0.002427
36.3971,0.002970
36.3992,0.002010
36.4017,0.002537
36.4042,0.002543
36.4099,0.005621
36.4132,0.003305
36.4157,0.002565
36.4184,0.002673
36.4226,0.004168
36.4265,0.003964
36.4290,0.002460
36.4313,0.002324
36.4367,0.005345
36.4514,0.014687
36.4617,0.010362
36.4640,0.002327
36.4660,0.001975
36.4681,0.002089
36.4703,0.002207
36.4734,0.003061
36.4769,0.003559
36.4802,0.003222
36.4827,0.002547
36.4860,0.003330
36.4887,0.002691
36.4965,0.007783
36.5012,0.004698
36.5036,0.002352
36.5074,0.003846
36.5104,0.003041
36.5140,0.003580
36.5176,0.003547
36.5197,0.002118
36.5228,0.003128
36.5284,0.005566
36.5304,0.002043
36.5330,0.002544
36.5357,0.002720
36.5394,0.003703
36.5439,0.004513
36.5463,0.002347
36.5494,0.003159
36.5516,0.002178
36.5542,0.002644
36.5588,0.004554
36.5630,0.004171
36.5653,0.002356
36.5675,0.002168
36.5701,0.002632
36.5741,0.003953
36.5767,0.002659
36.5801,0.003410
36.5851,0.004975
36.5874,0.002297
36.5900,0.002584
36.5926,0.002571
36.5946,0.002051
36.5971,0.002486
36.5993,0.002237
36.6021,0.002784
36.6047,0.002564
36.6121,0.007389
36.6148,0.002726
36.6176,0.002762
36.6202,0.002660
36.6244,0.004216
36.6280,0.003550
36.6306,0.002656
36.6333,0.002680
36.6363,0.002977
36.6415,0.005236
36.6454,0.003838
36.6479,0.002563
36.6499,0.001951
36.6522,0.002265
36.6552,0.002999
36.6597,0.004508
36.6617,0.002084
36.6639,0.002160
36.6665,0.002606
36.6691,0.002610
36.6729,0.003776
36.6762,0.003282
36.6785,0.002283
36.6809,0.002469
36.6837,0.002796
36.6858,0.002124
36.6894,0.003538
36.6927,0.003272
36.6956,0.002927
36.7048,0.009257
36.7125,0.007677
36.7200,0.007434
36.7361,0.016137
36.7399,0.003839
36.7421,0.002139
36.7439,0.001833
36.7458,0.001938
36.7477,0.001857
36.7495,0.001843
36.7524,0.002840
36.7556,0.003186
36.7590,0.003390
36.7611,0.002146
36.7635,0.002396
36.7658,0.002301
36.7680,0.002247
36.7702,0.002104
36.7727,0.002538
36.7768,0.004099
36.7789,0.002134
36.7816,0.002644
36.7844,0.002851
36.7875,0.003086
36.7911,0.003614
36.7935,0.002335
36.7960,0.002593
36.7994,0.003351
36.8015,0.002135
36.8046,0.003025
36.8085,0.003979
36.8112,0.002684
36.8138,0.002624
36.8173,0.003480
36.8198,0.002445
36.8236,0.003831
36.8266,0.002967
36.8292,0.002630
36.8318,0.002568
36.8347,0.002922
36.8401,0.005398
36.8511,0.011064
36.8533,0.002104
36.8551,0.001892
36.8579,0.002768
36.8603,0.002436
36.8626,0.002269
36.8645,0.001834
36.8671,0.002623
36.8696,0.002494
36.8741,0.004506
36.8805,0.006404
36.8827,0.002234
36.8852,0.002483
36.8875,0.002270
36.8919,0.004474
36.8973,0.005374
36.8993,0.002007
36.9019,0.002553
36.9047,0.002792
36.9097,0.005034
36.9136,0.003885
36.9172,0.003655
36.9206,0.003397
36.9246,0.003952
36.9278,0.003229
36.9306,0.002817
36.9328,0.002172
36.9355,0.002732
36.9388,0.003282
36.9427,0.003880
36.9447,0.002029
36.9474,0.002642
36.9501,0.002689
36.9528,0.002708
36.9560,0.003208
36.9595,0.003501
36.9617,0.002257
36.9647,0.002970
36.9668,0.002076
36.9693,0.002504
36.9726,0.003344
36.9784,0.005739
36.9912,0.012830
36.9935,0.002285
36.9956,0.002131
36.9980,0.002340
37.0001,0.002125
37.0023,0.002174
37.0045,0.002270
37.0093,0.004791
37.0128,0.003440
37.0156,0.002869
37.0184,0.002780
37.0206,0.002161
37.0251,0.004503
37.0304,0.005283
37.0327,0.002322
37.0362,0.003578
37.0428,0.006540
37.0469,0.004073
37.0491,0.002282
37.0515,0.002339
37.0535,0.002061
37.0586,0.005024
37.0687,0.010137
37.0709,0.002203
37.0728,0.001842
37.0752,0.002437
37.0772,0.002052
37.0798,0.002521
37.0821,0.002313
37.0846,0.002523
37.0873,0.002722
37.0936,0.006260
37.0978,0.004238
37.1000,0.002207
37.1021,0.002112
37.1057,0.003564
37.1114,0.005677
37.1136,0.002250
37.1169,0.003248
37.1208,0.003960
37.1291,0.008241
37.1315,0.002376
37.1334,0.001983
37.1355,0.002106
37.1378,0.002230
37.1422,0.004452
37.1446,0.002400
37.1473,0.002649
37.1496,0.002338
37.1525,0.002851
37.1548,0.002376
37.1631,0.008218
37.1666,0.003525
37.1701,0.003510
37.1746,0.004492
37.1778,0.003191
37.1821,0.004359
37.1861,0.003976
37.1902,0.004123
37.1952,0.005008
37.1996,0.004391
37.2024,0.002753
37.2060,0.003570
37.2111,0.005186
37.2141,0.002977
37.2167,0.002562
37.2198,0.003072
37.2243,0.004581
37.2273,0.003018
37.2299,0.002538
37.2330,0.003078
37.2367,0.003698
37.2406,0.003960
37.2431,0.002514
37.2455,0.002329
37.2477,0.002224
37.2496,0.001909
37.2514,0.001840
37.2584,0.006982
37.2695,0.011068
37.2728,0.003359
37.2758,0.002909
37.2778,0.002017
37.2803,0.002509
37.2826,0.002305
37.2849,0.002269
37.2873,0.002476
37.2911,0.003814
37.2949,0.003776
37.2979,0.002978
37.3010,0.003052
37.3029,0.001940
37.3078,0.004897
37.3164,0.008657
37.3197,0.003221
37.3224,0.002737
37.3262,0.003774
37.3292,0.003012
37.3311,0.001933
37.3334,0.002299
37.3360,0.002528
37.3404,0.004422
37.3448,0.004384
37.3469,0.002173
37.3492,0.002292
37.3521,0.002846
37.3543,0.002195
37.3592,0.004900
37.3641,0.004913
37.3768,0.012709
37.3792,0.002388
37.3811,0.001933
37.3832,0.002142
37.3853,0.002060
37.3878,0.002508
37.3917,0.003881
37.3954,0.003655
37.3981,0.002787
37.4003,0.002159
37.4022,0.001948
37.4042,0.001993
37.4096,0.005355
37.4130,0.003445
37.4157,0.002712
37.4190,0.003283
37.4265,0.007415
37.4405,0.014074
37.4427,0.002147
37.4445,0.001790
37.4467,0.002237
37.4486,0.001926
37.4508,0.002200
37.4526,0.001796
37.4559,0.003293
37.4610,0.005133
37.4633,0.002239
37.4655,0.002192
37.4681,0.002625
37.4706,0.002487
37.4757,0.005160
37.4800,0.004272
37.4822,0.002198
37.4846,0.002425
37.4883,0.003621
37.4919,0.003664
37.4965,0.004572
37.4989,0.002444
37.5017,0.002740
37.5041,0.002416
37.5091,0.004977
37.5113,0.002199
37.5131,0.001870
37.5162,0.003005
37.5299,0.013736
37.5430,0.013082
37.5451,0.002138
37.5471,0.002003
37.5494,0.002243
37.5514,0.002029
37.5537,0.002271
37.5563,0.002666
37.5603,0.003944
37.5640,0.003688
37.5661,0.002137
37.5686,0.002562
37.5713,0.002680
37.5791,0.007751
37.5812,0.002085
37.5833,0.002121
37.5858,0.002554
37.5896,0.003793
37.5948,0.005123
37.5970,0.002274
37.5999,0.002840
37.6020,0.002107
37.6048,0.002841
37.6092,0.004348
37.6118,0.002679
37.6139,0.002028
37.6163,0.002383
37.6193,0.003013
37.6261,0.006859
37.6303,0.004224
37.6325,0.002107
37.6347,0.002196
37.6371,0.002453
37.6407,0.003624
37.6447,0.003937
37.6472,0.002517
37.6491,0.001895
37.6512,0.002125
37.6538,0.002620
37.6593,0.005527
37.6618,0.002499
37.6642,0.002361
37.6670,0.002769
37.6780,0.011017
37.6812,0.003184
37.6833,0.002083
37.6856,0.002295
37.6877,0.002116
37.6912,0.003562
37.6944,0.003182
37.6967,0.002288
37.6988,0.002060
37.7021,0.003316
37.7084,0.006348
37.7237,0.015243
37.7274,0.003765
37.7295,0.002036
37.7317,0.002239
37.7342,0.002502
37.7365,0.002309
37.7390,0.002462
37.7432,0.004226
37.7466,0.003344
37.7486,0.002016
37.7511,0.002479
37.7536,0.002591
37.7583,0.004637
37.7631,0.004781
37.7656,0.002496
37.7685,0.002974
37.7707,0.002153
37.7752,0.004503
37.7798,0.004656
37.7829,0.003027
37.7882,0.005301
37.7920,0.003785
37.7942,0.002266
37.7962,0.002003
37.7983,0.002084
37.8004,0.002112
37.8025,0.002103
37.8045,0.001961
37.8098,0.005285
37.8131,0.003366
37.8154,0.002221
37.8184,0.003019
37.8315,0.013160
37.8340,0.002446
37.8359,0.001932
37.8382,0.002281
37.8426,0.004375
37.8453,0.002741
37.8473,0.001978
37.8494,0.002098
37.8523,0.002874
37.8548,0.002581
37.8611,0.006282
37.8638,0.002690
37.8660,0.002170
37.8687,0.002692
37.8716,0.002969
37.8782,0.006580
37.8803,0.002053
37.8825,0.002243
37.8851,0.002537
37.8884,0.003377
37.8920,0.003538
37.8944,0.002399
37.8970,0.002604
37.8998,0.002857
37.9019,0.002058
37.9049,0.003044
37.9099,0.004987
37.9124,0.002530
37.9145,0.002017
37.9164,0.001965
37.9189,0.002517
37.9234,0.004447
37.9271,0.003737
37.9293,0.002150
37.9318,0.002514
37.9346,0.002827
37.9369,0.002319
37.9412,0.004241
37.9434,0.002201
37.9463,0.002909
37.9484,0.002127
37.9509,0.002490
37.9535,0.002551
37.9580,0.004519
37.9600,0.002031
37.9623,0.002276
37.9648,0.002483
37.9674,0.002592
37.9711,0.003692
37.9746,0.003598
37.9790,0.004352
37.9912,0.012150
37.9935,0.002385
37.9956,0.002072
37.9978,0.002146
37.9999,0.002167
38.0022,0.002244
38.0042,0.002075
38.0087,0.004458
38.0133,0.004639
38.0158,0.002477
38.0181,0.002288
38.0205,0.002412
38.0264,0.005853
38.0316,0.005259
38.0338,0.002136
38.0369,0.003098
38.0399,0.003043
38.0491,0.009194
38.0622,0.013125
38.0716,0.009401
38.0775,0.005834
38.0800,0.002528
38.0822,0.002220
38.0843,0.002052
38.0863,0.002054
38.0897,0.003417
38.0938,0.004108
38.0965,0.002630
38.0986,0.002114
38.1010,0.002424
38.1031,0.002105
38.1061,0.002956
38.1139,0.007862
38.1182,0.004247
38.1204,0.002229
38.1253,0.004878
38.1359,0.010643
38.1394,0.003475
38.1424,0.003026
38.1445,0.002121
38.1470,0.002422
38.1497,0.002723
38.1522,0.002550
38.1602,0.007927
38.1651,0.004971
38.1703,0.005116
38.1758,0.005575
38.1813,0.005457
38.1853,0.003959
38.1891,0.003858
38.1949,0.005826
38.1992,0.004228
38.2015,0.002368
38.2041,0.002575
38.2086,0.004516
38.2108,0.002213
38.2145,0.003642
38.2188,0.004316
38.2215,0.002660
38.2261,0.004673
38.2291,0.002973
38.2316,0.002455
38.2337,0.002183
38.2357,0.002004
38.2475,0.011749
38.2546,0.007128
38.2633,0.008660
38.2810,0.017757
38.2840,0.002961
38.2862,0.002212
38.2892,0.002947
38.2915,0.002313
38.2940,0.002490
38.2960,0.002026
38.2980,0.001985
38.3000,0.002055
38.3022,0.002212
38.3054,0.003144
38.3081,0.002679
38.3101,0.002043
38.3119,0.001848
38.3144,0.002470
38.3174,0.003026
38.3195,0.002031
38.3228,0.003310
38.3278,0.005000
38.3300,0.002188
38.3320,0.002038
38.3348,0.002769
38.3375,0.002688
38.3420,0.004529
38.3441,0.002145
38.3464,0.002298
38.3488,0.002384
38.3514,0.002594
38.3545,0.003053
38.3583,0.003850
38.3604,0.002114
38.3628,0.002320
38.3657,0.002982
38.3678,0.002080
38.3709,0.003095
38.3747,0.003774
38.3779,0.003259
38.3805,0.002538
38.3825,0.002051
38.3847,0.002118
38.3877,0.003033
38.3924,0.004759
38.3947,0.002265
38.3969,0.002170
38.3996,0.002767
38.4033,0.003650
38.4066,0.003334
38.4099,0.003220
38.4121,0.002209
38.4151,0.002998
38.4171,0.002044
38.4197,0.002562
38.4231,0.003389
38.4274,0.004305
38.4297,0.002364
38.4325,0.002757
38.4354,0.002956
38.4383,0.002835
38.4415,0.003276
38.4441,0.002582
38.4466,0.002471
38.4496,0.003023
38.4517,0.002122
38.4547,0.002959
38.4588,0.004065
38.4614,0.002618
38.4636,0.002251
38.4660,0.002395
38.4686,0.002554
38.4719,0.003349
38.4753,0.003408
38.4780,0.002622
38.4804,0.002431
38.4832,0.002805
38.4853,0.002124
38.4886,0.003314
38.4920,0.003347
38.4954,0.003404
38.4978,0.002455
38.5006,0.002789
38.5032,0.002601
38.5072,0.003966
38.5104,0.003211
38.5129,0.002464
38.5152,0.002326
38.5183,0.003073
38.5204,0.002079
38.5248,0.004418
38.5290,0.004199
38.5313,0.002295
38.5334,0.002141
38.5361,0.002685
38.5401,0.004018
38.5430,0.002854
38.5455,0.002585
38.5479,0.002377
38.5508,0.002865
38.5530,0.002226
38.5569,0.003843
38.5602,0.003389
38.5633,0.003060
38.5656,0.002272
38.5679,0.002353
38.5705,0.002573
38.5751,0.004602
38.5773,0.002211
38.5795,0.002230
38.5821,0.002532
38.5845,0.002428
38.5880,0.003455
38.5915,0.003527
38.5936,0.002155
38.5961,0.002496
38.5992,0.003028
38.6013,0.002119
38.6040,0.002662
38.6087,0.004789
38.6112,0.002506
38.6132,0.001995
38.6157,0.002438
38.6184,0.002693
38.6224,0.004022
38.6266,0.004183
38.6296,0.003039
38.6326,0.002945
38.6345,0.001962
38.6383,0.003807
38.6421,0.003801
38.6447,0.002558
38.6471,0.002417
38.6492,0.002096
38.6518,0.002564
38.6552,0.003418
38.6587,0.003518
38.6609,0.002209
38.6634,0.002516
38.6663,0.002845
38.6689,0.002625
38.6721,0.003175
38.6757,0.003662
38.6785,0.002730
38.6805,0.002044
38.6830,0.002469
38.6856,0.002669
38.6893,0.003663
38.6923,0.003038
38.6946,0.002302
38.6972,0.002532
38.7004,0.003176
38.7024,0.002011
38.7062,0.003783
38.7094,0.003212
38.7121,0.002729
38.7142,0.002149
38.7169,0.002687
38.7194,0.002468
38.7233,0.003880
38.7266,0.003276
38.7299,0.003326
38.7325,0.002650
38.7355,0.002990
38.7384,0.002863
38.7421,0.003677
38.7444,0.002388
38.7474,0.002955
38.7495,0.002074
38.7521,0.002581
38.7554,0.003351
38.7591,0.003722
38.7615,0.002362
38.7645,0.002995
38.7670,0.002476
38.7700,0.003044
38.7730,0.002999
38.7763,0.003280
38.7788,0.002498
38.7816,0.002829
38.7837,0.002115
38.7864,0.002692
38.7903,0.003929
38.7933,0.002976
38.7957,0.002395
38.7982,0.002496
38.8007,0.002492
38.8038,0.003088
38.8074,0.003592
38.8104,0.002994
38.8129,0.002498
38.8158,0.002940
38.8180,0.002209
38.8206,0.002600
38.8251,0.004495
38.8287,0.003558
38.8310,0.002275
38.8334,0.002459
38.8361,0.002683
38.8405,0.004382
38.8431,0.002626
38.8457,0.002626
38.8483,0.002525
38.8511,0.002823
38.8533,0.002239
38.8575,0.004173
38.8598,0.002297
38.8627,0.002901
38.8651,0.002428
38.8677,0.002561
38.8703,0.002576
38.8747,0.004397
38.8768,0.002144
38.8792,0.002417
38.8817,0.002467
38.8842,0.002525
38.8874,0.003233
38.8912,0.003769
38.8933,0.002048
38.8957,0.002483
38.8986,0.002905
38.9008,0.002166
38.9036,0.002768
38.9077,0.004152
38.9102,0.002496
38.9126,0.002402
38.9151,0.002471
38.9179,0.002787
38.9210,0.003102
38.9246,0.003629
38.9276,0.002961
38.9311,0.003484
38.9331,0.002004
38.9357,0.002633
38.9391,0.003378
38.9427,0.003669
38.9448,0.002099
38.9476,0.002801
38.9503,0.002681
38.9536,0.003266
38.9567,0.003105
38.9597,0.002998
38.9622,0.002470
38.9652,0.003038
38.9675,0.002248
38.9701,0.002642
38.9740,0.003943
38.9767,0.002623
38.9790,0.002307
38.9815,0.002547
38.9840,0.002532
38.9872,0.003190
38.9905,0.003286
38.9929,0.002413
38.9955,0.002578
38.9986,0.003077
39.0007,0.002128
39.0034,0.002653
39.0077,0.004358
39.0104,0.002663
39.0126,0.002220
39.0157,0.003072
39.0185,0.002813
39.0226,0.004064
39.0264,0.003836
39.0299,0.003490
39.0330,0.003150
39.0353,0.002230
39.0386,0.003354
39.0425,0.003831
39.0453,0.002885
39.0475,0.002191
39.0500,0.002468
39.0524,0.002422
39.0562,0.003778
39.0594,0.003152
39.0618,0.002423
39.0642,0.002383
39.0672,0.003017
39.0693,0.002106
39.0728,0.003551
39.0765,0.003717
39.0790,0.002457
39.0811,0.002082
39.0836,0.002500
39.0862,0.002582
39.0904,0.004185
39.0934,0.003020
39.0960,0.002642
39.0983,0.002237
39.1012,0.002916
39.1033,0.002107
39.1077,0.004425
39.1101,0.002402
39.1128,0.002731
39.1149,0.002104
39.1176,0.002616
39.1203,0.002733
39.1251,0.004857
39.1276,0.002430
39.1299,0.002367
39.1329,0.002924
39.1358,0.002962
39.1390,0.003152
39.1428,0.003780
39.1450,0.002258
39.1480,0.002985
39.1501,0.002110
39.1531,0.002951
39.1622,0.009117
39.1677,0.005551
39.1768,0.009112
39.1826,0.005734
39.1873,0.004708
39.1919,0.004643
39.1955,0.003609
39.1989,0.003354
39.2014,0.002516
39.2046,0.003235
39.2105,0.005821
39.2131,0.002614
39.2158,0.002774
39.2185,0.002700
39.2221,0.003578
39.2251,0.002979
39.2281,0.002971
39.2326,0.004488
39.2349,0.002296
39.2372,0.002381
39.2412,0.003944
39.2442,0.002982
39.2467,0.002483
39.2490,0.002319
39.2511,0.002132
39.2531,0.002007
39.2561,0.002984
39.2591,0.002996
39.2615,0.002450
39.2642,0.002635
39.2673,0.003130
39.2696,0.002254
39.2731,0.003566
39.2764,0.003319
39.2796,0.003194
39.2817,0.002087
39.2842,0.002503
39.2868,0.002551
39.2914,0.004660
39.2936,0.002117
39.2958,0.002245
39.2984,0.002635
39.3009,0.002491
39.3040,0.003075
39.3080,0.003997
39.3101,0.002147
39.3128,0.002619
39.3158,0.003042
39.3179,0.002114
39.3207,0.002741
39.3251,0.004391
39.3279,0.002819
39.3301,0.002243
39.3336,0.003501
39.3364,0.002780
39.3404,0.004031
39.3430,0.002601
39.3458,0.002757
39.3480,0.002261
39.3510,0.002915
39.3532,0.002281
39.3575,0.004228
39.3597,0.002270
39.3626,0.002871
39.3647,0.002118
39.3674,0.002708
39.3702,0.002758
39.3744,0.004229
39.3765,0.002086
39.3790,0.002514
39.3816,0.002547
39.3846,0.003059
39.3871,0.002478
39.3910,0.003920
39.3934,0.002377
39.3964,0.003003
39.3986,0.002179
39.4012,0.002566
39.4039,0.002792
39.4082,0.004267
39.4103,0.002088
39.4128,0.002483
39.4155,0.002689
39.4185,0.003055
39.4217,0.003127
39.4260,0.004385
39.4288,0.002755
39.4309,0.002084
39.4340,0.003136
39.4373,0.003328
39.4417,0.004403
39.4438,0.002088
39.4463,0.002446
39.4490,0.002687
39.4518,0.002852
39.4542,0.002359
39.4586,0.004412
39.4608,0.002199
39.4641,0.003346
39.4661,0.001992
39.4687,0.002585
39.4720,0.003277
39.4761,0.004089
39.4781,0.002063
39.4805,0.002404
39.4831,0.002525
39.4857,0.002607
39.4894,0.003693
39.4924,0.003050
39.4950,0.002608
39.4978,0.002798
39.5005,0.002672
39.5026,0.002128
39.5063,0.003645
39.5102,0.003942
39.5129,0.002655
39.5148,0.001975
39.5175,0.002706
39.5201,0.002566
39.5246,0.004446
39.5269,0.002315
39.5294,0.002573
39.5319,0.002446
39.5351,0.003258
39.5389,0.003712
39.5424,0.003519
39.5451,0.002691
39.5473,0.002190
39.5498,0.002535
39.5523,0.002533
39.5562,0.003879
39.5594,0.003189
39.5616,0.002195
39.5736,0.012024
39.5796,0.005991
39.5877,0.008118
39.6050,0.017261
39.6077,0.002705
39.6095,0.001837
39.6115,0.001934
39.6134,0.001913
39.6153,0.001936
39.6171,0.001772
39.6200,0.002868
39.6233,0.003322
39.6260,0.002683
39.6287,0.002788
39.6313,0.002527
39.6332,0.001955
39.6355,0.002253
39.6396,0.004171
39.6435,0.003899
39.6457,0.002173
39.6483,0.002595
39.6506,0.002308
39.6536,0.002998
39.6572,0.003606
39.6596,0.002405
39.6621,0.002485
39.6652,0.003071
39.6675,0.002342
39.6701,0.002580
39.6741,0.004033
39.6768,0.002696
39.6793,0.002498
39.6820,0.002681
39.6844,0.002403
39.6875,0.003086
39.6911,0.003604
39.6935,0.002356
39.6960,0.002514
39.6991,0.003144
39.7013,0.002165
39.7039,0.002632
39.7078,0.003838
39.7107,0.002967
39.7129,0.002169
39.7155,0.002616
39.7181,0.002575
39.7212,0.003155
39.7251,0.003861
39.7275,0.002397
39.7301,0.002569
39.7329,0.002844
39.7354,0.002506
39.7400,0.004602
39.7435,0.003519
39.7457,0.002191
39.7484,0.002625
39.7508,0.002439
39.7539,0.003143
39.7579,0.003913
39.7602,0.002331
39.7624,0.002192
39.7655,0.003124
39.7676,0.002070
39.7702,0.002608
39.7744,0.004172
39.7771,0.002781
39.7792,0.002064
39.7816,0.002422
39.7842,0.002614
39.7874,0.003130
39.7917,0.004363
39.7942,0.002507
39.7967,0.002467
39.7998,0.003127
39.8018,0.001949
39.8047,0.002960
39.8088,0.004055
39.8115,0.002668
39.8135,0.002061
39.8163,0.002788
39.8189,0.002572
39.8229,0.004051
39.8260,0.003078
39.8283,0.002342
39.8309,0.002519
39.8370,0.006150
39.8509,0.013854
39.8611,0.010191
39.8632,0.002184
39.8651,0.001862
39.8673,0.002177
39.8693,0.002062
39.8721,0.002760
39.8760,0.003914
39.8788,0.002730
39.8812,0.002430
39.8842,0.003009
39.8867,0.002534
39.8909,0.004206
39.8964,0.005480
39.8985,0.002067
39.9009,0.002431
39.9046,0.003644
39.9130,0.008454
39.9153,0.002344
39.9175,0.002196
39.9198,0.002280
39.9241,0.004268
39.9269,0.002785
39.9289,0.002036
39.9307,0.001763
39.9342,0.003487
39.9372,0.003073
39.9418,0.004575
39.9460,0.004195
39.9482,0.002142
39.9507,0.002541
39.9625,0.011813
39.9653,0.002790
39.9674,0.002138
39.9697,0.002266
39.9719,0.002235
39.9764,0.004498
39.9791,0.002650
39.9817,0.002660
39.9841,0.002350
39.9865,0.002389
39.9889,0.002453
39.9922,0.003273
39.9961,0.003912
39.9992,0.003062
40.0013,0.002099
40.0040,0.002709
40.0085,0.004530
40.0134,0.004830
40.0155,0.002137
40.0180,0.002545
40.0209,0.002818
40.0255,0.004606
40.0275,0.002044
40.0300,0.002475
40.0324,0.002417
40.0350,0.002561
40.0405,0.005537
40.0432,0.002743
40.0458,0.002528
40.0488,0.003052
40.0509,0.002120
40.0535,0.002613
40.0579,0.004342
40.0606,0.002681
40.0626,0.001982
40.0651,0.002528
40.0676,0.002536
40.0703,0.002635
40.0749,0.004660
40.0770,0.002113
40.0793,0.002313
40.0819,0.002609
40.0844,0.002441
40.0877,0.003326
40.0912,0.003535
40.0939,0.002660
40.0968,0.002902
40.0998,0.003013
40.1029,0.003063
40.1066,0.003756
40.1105,0.003806
40.1125,0.002083
40.1154,0.002815
40.1180,0.002624
40.1214,0.003437
40.1251,0.003713
40.1273,0.002187
40.1299,0.002545
40.1328,0.002932
40.1348,0.002039
40.1381,0.003258
40.1431,0.004986
40.1454,0.002286
40.1477,0.002381
40.1505,0.002733
40.1541,0.003631
40.1578,0.003694
40.1618,0.004003
40.1651,0.003325
40.1688,0.003685
40.1755,0.006691
40.1785,0.002997
40.1809,0.002451
40.1832,0.002272
40.1852,0.001976
40.1876,0.002356
40.1906,0.003092
40.1929,0.002256
40.1950,0.002056
40.1968,0.001879
40.1990,0.002158
40.2010,0.001998
40.2034,0.002365
40.2076,0.004287
40.2102,0.002583
40.2123,0.002114
40.2149,0.002526
40.2177,0.002832
40.2208,0.003065
40.2243,0.003571
40.2267,0.002346
40.2292,0.002561
40.2324,0.003152
40.2345,0.002129
40.2374,0.002847
40.2426,0.005218
40.2450,0.002382
40.2476,0.002644
40.2501,0.002532
40.2534,0.003258
40.2564,0.002994
40.2595,0.003056
40.2620,0.002521
40.2651,0.003105
40.2673,0.002210
40.2699,0.002584
40.2738,0.003922
40.2765,0.002680
40.2787,0.002246
40.2814,0.002670
40.2839,0.002497
40.2871,0.003218
40.2906,0.003538
40.2928,0.002177
40.2961,0.003259
40.2989,0.002822
40.3010,0.002121
40.3036,0.002553
40.3077,0.004120
40.3106,0.002917
40.3127,0.002071
40.3156,0.002880
40.3180,0.002488
40.3209,0.002895
40.3246,0.003650
40.3274,0.002817
40.3299,0.002470
40.3327,0.002798
40.3349,0.002259
40.3382,0.003277
40.3423,0.004054
40.3459,0.003671
40.3480,0.002044
40.3504,0.002443
40.3531,0.002706
40.3577,0.004589
40.3598,0.002039
40.3621,0.002301
40.3646,0.002526
40.3677,0.003151
40.3700,0.002266
40.3742,0.004157
40.3763,0.002134
40.3793,0.003048
40.3814,0.002084
40.3839,0.002487
40.3871,0.003181
40.3913,0.004160
40.3933,0.002014
40.3956,0.002374
40.3982,0.002594
40.4008,0.002581
40.4043,0.003502
40.4080,0.003709
40.4102,0.002186
40.4128,0.002580
40.4157,0.002913
40.4181,0.002382
40.4211,0.003039
40.4250,0.003887
40.4278,0.002775
40.4299,0.002065
40.4328,0.002902
40.4351,0.002335
40.4397,0.004604
40.4431,0.003423
40.4466,0.003454
40.4490,0.002381
40.4519,0.002910
40.4547,0.002876
40.4585,0.003747
40.4609,0.002377
40.4638,0.002925
40.4660,0.002171
40.4686,0.002596
40.4718,0.003277
40.4757,0.003882
40.4777,0.002029
40.4805,0.002737
40.4829,0.002463
40.4859,0.002960
40.4891,0.003205
40.4923,0.003179
40.4948,0.002550
40.4978,0.002991
40.5000,0.002142
40.5025,0.002478
40.5062,0.003747
40.5098,0.003586
40.5120,0.002172
40.5149,0.002920
40.5175,0.002655
40.5205,0.002972
40.5241,0.003599
40.5267,0.002645
40.5294,0.002680
40.5323,0.002843
40.5343,0.002004
40.5371,0.002842
40.5413,0.004214
40.5451,0.003807
40.5473,0.002138
40.5497,0.002426
40.5525,0.002820
40.5567,0.004213
40.5595,0.002809
40.5620,0.002433
40.5650,0.003019
40.5680,0.003005
40.5705,0.002485
40.5745,0.004050
40.5770,0.002450
40.5799,0.002941
40.5820,0.002115
40.5845,0.002498
40.5876,0.003087
40.5923,0.004713
40.5944,0.002042
40.5970,0.002644
40.5995,0.002473
40.6023,0.002813
40.6054,0.003101
40.6090,0.003544
40.6113,0.002356
40.6145,0.003192
40.6166,0.002055
40.6195,0.002970
40.6238,0.004275
40.6268,0.003033
40.6291,0.002245
40.6316,0.002538
40.6343,0.002655
40.6376,0.003281
40.6409,0.003327
40.6439,0.002998
40.6476,0.003702
40.6496,0.002044
40.6522,0.002599
40.6557,0.003496
40.6595,0.003768
40.6615,0.002004
40.6641,0.002569
40.6667,0.002662
40.6700,0.003286
40.6730,0.003005
40.6760,0.002950
40.6786,0.002623
40.6815,0.002911
40.6837,0.002193
40.6864,0.002664
40.6905,0.004183
40.6930,0.002500
40.6953,0.002312
40.6984,0.003006
40.7008,0.002495
40.7042,0.003395
40.7080,0.003731
40.7101,0.002167
40.7127,0.002594
40.7159,0.003118
40.7181,0.002208
40.7209,0.002836
40.7248,0.003910
40.7278,0.002987
40.7299,0.002088
40.7324,0.002521
40.7349,0.002524
40.7386,0.003662
40.7417,0.003140
40.7444,0.002696
40.7479,0.003511
40.7509,0.002998
40.7532,0.002260
40.7575,0.004337
40.7599,0.002372
40.7632,0.003272
40.7656,0.002406
40.7680,0.002423
40.7710,0.002995
40.7755,0.004535
40.7777,0.002189
40.7800,0.002278
40.7825,0.002527
40.7850,0.002513
40.7888,0.003726
40.7919,0.003105
40.7944,0.002551
40.7969,0.002488
40.7998,0.002840
40.8019,0.002105
40.8057,0.003810
40.8095,0.003798
40.8122,0.002695
40.8142,0.002065
40.8168,0.002610
40.8196,0.002732
40.8239,0.004373
40.8262,0.002275
40.8288,0.002621
40.8314,0.002569
40.8343,0.002856
40.8368,0.002492
40.8412,0.004471
40.8433,0.002077
40.8466,0.003264
40.8495,0.002983
40.8521,0.002562
40.8555,0.003433
40.8595,0.003937
40.8615,0.001975
40.8639,0.002421
40.8664,0.002510
40.8695,0.003154
40.8726,0.003101
40.8758,0.003149
40.8783,0.002467
40.8811,0.002854
40.8835,0.002422
40.8859,0.002382
40.8897,0.003829
40.8928,0.003069
40.8950,0.002172
40.8976,0.002640
40.9002,0.002543
40.9034,0.003203
40.9065,0.003118
40.9180,0.011481
40.9264,0.008426
40.9334,0.007030
40.9469,0.013497
40.9489,0.001995
40.9510,0.002051
40.9530,0.002058
40.9553,0.002304
40.9577,0.002397
40.9599,0.002175
40.9622,0.002277
40.9641,0.001907
40.9662,0.002083
40.9695,0.003304
40.9724,0.002953
40.9758,0.003356
40.9782,0.002400
40.9811,0.002948
40.9833,0.002120
40.9859,0.002690
40.9897,0.003727
40.9930,0.003378
40.9960,0.002971
40.9987,0.002672
41.0006,0.001947
41.0034,0.002738
41.0070,0.003669
41.0100,0.002974
41.0124,0.002408
41.0153,0.002869
41.0176,0.002322
41.0202,0.002584
41.0245,0.004318
41.0273,0.002827
41.0295,0.002184
41.0320,0.002463
41.0346,0.002579
41.0382,0.003583
41.0416,0.003456
41.0439,0.002291
41.0470,0.003116
41.0508,0.003752
41.0529,0.002158
41.0569,0.003947
41.0597,0.002802
41.0624,0.002735
41.0646,0.002194
41.0673,0.002736
41.0700,0.002613
41.0745,0.004565
41.0768,0.002230
41.0792,0.002399
41.0817,0.002528
41.0845,0.002861
41.0870,0.002454
41.0911,0.004087
41.0933,0.002235
41.0963,0.002960
41.0985,0.002258
41.1010,0.002489
41.1037,0.002645
41.1086,0.004974
41.1108,0.002167
41.1130,0.002157
41.1156,0.002610
41.1181,0.002499
41.1219,0.003791
41.1256,0.003743
41.1280,0.002437
41.1307,0.002669
41.1341,0.003380
41.1374,0.003282
41.1422,0.004815
41.1454,0.003245
41.1480,0.002590
41.1509,0.002859
41.1559,0.004969
41.1609,0.005021
41.1636,0.002761
41.1674,0.003760
41.1707,0.003255
41.1743,0.003626
41.1766,0.002301
41.1792,0.002605
41.1821,0.002902
41.1851,0.002996
41.1874,0.002287
41.1913,0.003943
41.1935,0.002158
41.1959,0.002470
41.1986,0.002703
41.2016,0.002983
41.2041,0.002438
41.2082,0.004135
41.2104,0.002227
41.2137,0.003244
41.2157,0.001997
41.2183,0.002594
41.2214,0.003122
41.2255,0.004106
41.2275,0.002059
41.2299,0.002401
41.2325,0.002597
41.2355,0.002964
41.2384,0.002935
41.2418,0.003329
41.2444,0.002590
41.2474,0.003087
41.2498,0.002390
41.2532,0.003375
41.2570,0.003772
41.2599,0.002883
41.2620,0.002123
41.2646,0.002639
41.2671,0.002515
41.2705,0.003322
41.2738,0.003321
41.2762,0.002409
41.2789,0.002658
41.2817,0.002826
41.2838,0.002157
41.2866,0.002746
41.2906,0.004025
41.2934,0.002819
41.2955,0.002093
41.2981,0.002603
41.3007,0.002578
41.3038,0.003105
41.3083,0.004468
41.3112,0.002887
41.3131,0.001977
41.3163,0.003132
41.3183,0.002077
41.3221,0.003792
41.3256,0.003464
41.3284,0.002818
41.3304,0.002016
41.3329,0.002496
41.3354,0.002472
41.3392,0.003773
41.3423,0.003092
41.3447,0.002389
41.3473,0.002611
41.3504,0.003174
41.3537,0.003267
41.3578,0.004048
41.3605,0.002781
41.3628,0.002257
41.3654,0.002605
41.3680,0.002626
41.3718,0.003722
41.3750,0.003251
41.3775,0.002464
41.3800,0.002515
41.3829,0.002891
41.3851,0.002277
41.3887,0.003508
41.3920,0.003324
41.3946,0.002610
41.3969,0.002281
41.3993,0.002473
41.4020,0.002651
41.4058,0.003785
41.4087,0.002949
41.4111,0.002358
41.4135,0.002423
41.4165,0.003036
41.4191,0.002588
41.4225,0.003348
41.4256,0.003158
41.4286,0.002926
41.4307,0.002140
41.4335,0.002823
41.4361,0.002541
41.4400,0.003961
41.4424,0.002358
41.4450,0.002581
41.4478,0.002796
41.4508,0.002990
41.4569,0.006162
41.4593,0.002410
41.4624,0.003022
41.4646,0.002251
41.4675,0.002868
41.4701,0.002662
41.4743,0.004153
41.4764,0.002113
41.4792,0.002789
41.4818,0.002590
41.4847,0.002885
41.4871,0.002411
41.4910,0.003904
41.4935,0.002536
41.4966,0.003075
41.4989,0.002271
41.5013,0.002440
41.5045,0.003160
41.5085,0.004043
41.5106,0.002076
41.5136,0.003038
41.5167,0.003069
41.5196,0.002911
41.5227,0.003121
41.5259,0.003213
41.5284,0.002432
41.5318,0.003447
41.5338,0.001978
41.5365,0.002680
41.5447,0.008186
41.5576,0.012993
41.5598,0.002177
41.5618,0.001957
41.5641,0.002286
41.5662,0.002112
41.5684,0.002186
41.5706,0.002209
41.5739,0.003349
41.5791,0.005210
41.5814,0.002256
41.5836,0.002163
41.5864,0.002839
41.5916,0.005256
41.5962,0.004524
41.5985,0.002293
41.6009,0.002473
41.6040,0.003072
41.6104,0.006420
41.6166,0.006130
41.6191,0.002533
41.6226,0.003472
41.6265,0.003978
41.6286,0.002083
41.6306,0.001989
41.6326,0.002017
41.6347,0.002053
41.6372,0.002554
41.6408,0.003559
41.6442,0.003384
41.6466,0.002411
41.6498,0.003162
41.6519,0.002181
41.6565,0.004532
41.6613,0.004802
41.6634,0.002161
41.6658,0.002326
41.6684,0.002670
41.6724,0.003944
41.6765,0.004163
41.6789,0.002386
41.6814,0.002473
41.6848,0.003410
41.6870,0.002247
41.6908,0.003789
41.6934,0.002563
41.6963,0.002851
41.6984,0.002122
41.7010,0.002603
41.7036,0.002585
41.7082,0.004622
41.7103,0.002124
41.7125,0.002204
41.7154,0.002913
41.7182,0.002794
41.7205,0.002279
41.7246,0.004153
41.7271,0.002416
41.7299,0.002882
41.7320,0.002089
41.7346,0.002581
41.7374,0.002815
41.7419,0.004433
41.7439,0.002068
41.7464,0.002514
41.7489,0.002489
41.7514,0.002417
41.7556,0.004240
41.7596,0.004040
41.7623,0.002674
41.7654,0.003105
41.7679,0.002504
41.7700,0.002048
41.7743,0.004305
41.7769,0.002592
41.7792,0.002326
41.7817,0.002477
41.7841,0.002467
41.7871,0.003009
41.7907,0.003578
41.7933,0.002622
41.7963,0.003009
41.7995,0.003155
41.8016,0.002075
41.8044,0.002864
41.8088,0.004380
41.8116,0.002773
41.8135,0.001940
41.8161,0.002550
41.8187,0.002622
41.8227,0.003986
41.8259,0.003232
41.8283,0.002380
41.8307,0.002437
41.8337,0.002914
41.8359,0.002195
41.8396,0.003735
41.8425,0.002909
41.8453,0.002832
41.8475,0.002120
41.8499,0.002485
41.8526,0.002631
41.8575,0.004966
41.8605,0.002973
41.8628,0.002298
41.8654,0.002607
41.8684,0.002980
41.8713,0.002924
41.8750,0.003703
41.8775,0.002479
41.8803,0.002828
41.8825,0.002166
41.8850,0.002550
41.8890,0.003948
41.8926,0.003581
41.8947,0.002102
41.8971,0.002396
41.8996,0.002557
41.9028,0.003128
41.9060,0.003235
41.9093,0.003359
41.9118,0.002453
41.9146,0.002836
41.9170,0.002357
41.9206,0.003626
41.9242,0.003613
41.9266,0.002379
41.9287,0.002136
41.9313,0.002509
41.9337,0.002461
41.9373,0.003537
41.9407,0.003479
41.9430,0.002265
41.9457,0.002667
41.9486,0.002934
41.9507,0.002096
41.9534,0.002691
41.9587,0.005332
41.9609,0.002173
41.9635,0.002651
41.9661,0.002516
41.9692,0.003172
41.9721,0.002901
41.9757,0.003541
41.9781,0.002394
41.9813,0.003220
41.9833,0.002037
41.9858,0.002508
41.9895,0.003688
41.9926,0.003113
41.9947,0.002111
41.9974,0.002698
41.9998,0.002373
42.0030,0.003155
42.0062,0.003186
42.0093,0.003135
42.0120,0.002673
42.0149,0.002970
42.0171,0.002165
42.0198,0.002714
42.0235,0.003696
42.0267,0.003148
42.0288,0.002156
42.0313,0.002524
42.0339,0.002525
42.0370,0.003160
42.0406,0.003538
42.0430,0.002405
42.0456,0.002684
42.0485,0.002895
42.0507,0.002128
42.0533,0.002669
42.0587,0.005312
42.0610,0.002320
42.0635,0.002541
42.0662,0.002670
42.0693,0.003104
42.0726,0.003287
42.0756,0.003021
42.0781,0.002544
42.0810,0.002873
42.0831,0.002127
42.0857,0.002598
42.0906,0.004888
42.0933,0.002671
42.0955,0.002156
42.0978,0.002322
42.1002,0.002402
42.1029,0.002769
42.1074,0.004450
42.1094,0.002009
42.1116,0.002218
42.1142,0.002580
42.1167,0.002531
42.1201,0.003325
42.1235,0.003433
42.1258,0.002273
42.1284,0.002684
42.1313,0.002833
42.1334,0.002096
42.1361,0.002730
42.1406,0.004460
42.1432,0.002600
42.1453,0.002161
42.1478,0.002495
42.1518,0.003972
42.1565,0.004753
42.1618,0.005221
42.1646,0.002791
42.1690,0.004459
42.1736,0.004535
42.1771,0.003566
42.1802,0.003106
42.1826,0.002356
42.1848,0.002224
42.1871,0.002254
42.1905,0.003400
42.1927,0.002210
42.1954,0.002766
42.1979,0.002501
42.2007,0.002768
42.2030,0.002265
42.2073,0.004306
42.2094,0.002156
42.2125,0.003030
42.2146,0.002102
42.2172,0.002611
42.2196,0.002448
42.2242,0.004587
42.2267,0.002462
42.2288,0.002155
42.2314,0.002563
42.2342,0.002834
42.2365,0.002308
42.2476,0.011116
42.2546,0.006996
42.2627,0.008029
42.2785,0.015870
42.2812,0.002682
42.2833,0.002034
42.2854,0.002133
42.2883,0.002895
42.2910,0.002709
42.2932,0.002222
42.2951,0.001885
42.2972,0.002053
42.2991,0.001989
42.3010,0.001875
42.3037,0.002662
42.3070,0.003316
42.3095,0.002496
42.3120,0.002479
42.3148,0.002877
42.3169,0.002088
42.3200,0.003029
42.3241,0.004123
42.3271,0.002984
42.3292,0.002082
42.3317,0.002505
42.3344,0.002732
42.3382,0.003788
42.3418,0.003577
42.3440,0.002245
42.3465,0.002493
42.3494,0.002935
42.3516,0.002219
42.3550,0.003367
42.3587,0.003640
42.3627,0.004041
42.3648,0.002060
42.3676,0.002838
42.3702,0.002646
42.3748,0.004560
42.3769,0.002111
42.3791,0.002226
42.3817,0.002533
42.3847,0.002986
42.3868,0.002105
42.3907,0.003956
42.3932,0.002479
42.3962,0.002983
42.3987,0.002520
42.4013,0.002583
42.4046,0.003339
42.4085,0.003889
42.4105,0.001975
42.4132,0.002747
42.4158,0.002565
42.4187,0.002897
42.4216,0.002866
42.4251,0.003495
42.4275,0.002406
42.4305,0.003059
42.4326,0.002129
42.4352,0.002596
42.4388,0.003584
42.4424,0.003544
42.4447,0.002294
42.4473,0.002623
42.4498,0.002539
42.4528,0.002989
42.4561,0.003241
42.4594,0.003315
42.4630,0.003630
42.4652,0.002219
42.4678,0.002601
42.4710,0.003192
42.4751,0.004105
42.4773,0.002139
42.4804,0.003154
42.4834,0.002995
42.4863,0.002909
42.4893,0.003029
42.4929,0.003555
42.4955,0.002646
42.4983,0.002778
42.5004,0.002064
42.5030,0.002652
42.5076,0.004552
42.5101,0.002501
42.5122,0.002082
42.5148,0.002609
42.5174,0.002632
42.5205,0.003057
42.5243,0.003826
42.5271,0.002838
42.5293,0.002212
42.5323,0.002936
42.5344,0.002144
42.5375,0.003099
42.5420,0.004442
42.5446,0.002650
42.5468,0.002209
42.5494,0.002569
42.5519,0.002483
42.5561,0.004253
42.5592,0.003103
42.5619,0.002691
42.5651,0.003188
42.5682,0.003046
42.5709,0.002790
42.5750,0.004087
42.5773,0.002283
42.5802,0.002883
42.5823,0.002132
42.5849,0.002564
42.5883,0.003423
42.5921,0.003751
42.5941,0.001998
42.5966,0.002568
42.5991,0.002496
42.6028,0.003717
42.6059,0.003096
42.6089,0.002910
42.6113,0.002492
42.6144,0.003026
42.6176,0.003221
42.6199,0.002312
42.6247,0.004795
42.6276,0.002861
42.6296,0.002040
42.6327,0.003093
42.6353,0.002637
42.6380,0.002709
42.6426,0.004569
42.6455,0.002905
42.6478,0.002300
42.6499,0.002050
42.6523,0.002412
42.6572,0.004886
42.6596,0.002466
42.6623,0.002694
42.6666,0.004251
42.6693,0.002705
42.6727,0.003458
42.6756,0.002844
42.6783,0.002717
42.6814,0.003123
42.6835,0.002072
42.6866,0.003081
42.6897,0.003134
42.6929,0.003165
42.6963,0.003412
42.6985,0.002167
42.7006,0.002117
42.7037,0.003161
42.7076,0.003847
42.7099,0.002278
42.7132,0.003375
42.7158,0.002531
42.7177,0.001973
42.7217,0.003952
42.7252,0.003469
42.7286,0.003451
42.7307,0.002071
42.7327,0.001986
42.7353,0.002673
42.7405,0.005185
42.7434,0.002907
42.7460,0.002587
42.7489,0.002878
42.7517,0.002813
42.7540,0.002281
42.7580,0.004004
42.7618,0.003811
42.7645,0.002719
42.7674,0.002865
42.7697,0.002296
42.7743,0.004609
42.7772,0.002896
42.7793,0.002087
42.7814,0.002114
42.7844,0.003046
42.7877,0.003222
42.7918,0.004121
42.7970,0.005192
42.7995,0.002557
42.8027,0.003152
42.8076,0.004934
42.8108,0.003174
42.8148,0.003969
42.8183,0.003579
42.8214,0.003076
42.8237,0.002319
42.8275,0.003777
42.8302,0.002724
42.8334,0.003151
42.8387,0.005329
42.8445,0.005792
42.8569,0.012430
42.8667,0.009783
42.8690,0.002266
42.8717,0.002763
42.8762,0.004499
42.8794,0.003146
42.8828,0.003367
42.8954,0.012604
42.9077,0.012290
42.9170,0.009336
42.9286,0.011634
42.9406,0.011987
42.9506,0.010020
42.9616,0.011016
42.9649,0.003248
42.9772,0.012268
42.9860,0.008806
42.9915,0.005535
43.0008,0.009325
43.0037,0.002856
43.0065,0.002840
43.0111,0.004533
43.0133,0.002280
43.0158,0.002479
43.0178,0.002018
43.0219,0.004092
43.0261,0.004148
43.0288,0.002774
43.0309,0.002060
43.0329,0.002015
43.0365,0.003616
43.0399,0.003368
43.0453,0.005380
43.0478,0.002482
43.0505,0.002736
43.0530,0.002476
43.0597,0.006751
43.0631,0.003406
43.0656,0.002416
43.0679,0.002376
43.0737,0.005811
43.0767,0.002973
43.0796,0.002907
43.0826,0.002987
43.0867,0.004080
43.0910,0.004297
43.0933,0.002268
43.0954,0.002131
43.0993,0.003889
43.1014,0.002103
43.1038,0.002407
43.1083,0.004544
43.1118,0.003438
43.1146,0.002861
43.1168,0.002195
43.1190,0.002176
43.1230,0.004030
43.1266,0.003576
43.1294,0.002783
43.1315,0.002089
43.1342,0.002689
43.1368,0.002669
43.1417,0.004919
43.1443,0.002527
43.1464,0.002164
43.1494,0.002933
43.1515,0.002114
43.1561,0.004606
43.1585,0.002451
43.1620,0.003490
43.1681,0.006030
43.1744,0.006290
43.1818,0.007471
43.1879,0.006038
43.1952,0.007386
43.1988,0.003597
43.2014,0.002578
43.2073,0.005882
43.2116,0.004308
43.2140,0.002412
43.2160,0.001946
43.2182,0.002201
43.2219,0.003723
43.2249,0.002968
43.2273,0.002441
43.2294,0.002115
43.2321,0.002659
43.2430,0.010957
43.2456,0.002536
43.2477,0.002112
43.2497,0.002060
43.2517,0.001938
43.2542,0.002530
43.2589,0.004699
43.2616,0.002712
43.2642,0.002575
43.2663,0.002087
43.2684,0.002109
43.2729,0.004527
43.2851,0.012225
43.2889,0.003724
43.2919,0.003019
43.2936,0.001741
43.2962,0.002533
43.2983,0.002154
43.3006,0.002308
43.3031,0.002429
43.3059,0.002808
43.3125,0.006609
43.3147,0.002213
43.3167,0.001977
43.3195,0.002848
43.3246,0.005050
43.3282,0.003654
43.3307,0.002476
43.3336,0.002878
43.3368,0.003263
43.3407,0.003878
43.3451,0.004359
43.3482,0.003147
43.3504,0.002224
43.3532,0.002767
43.3572,0.004035
43.3599,0.002652
43.3620,0.002115
43.3647,0.002647
43.3673,0.002653
43.3704,0.003073
43.3738,0.003428
43.3764,0.002600
43.3789,0.002533
43.3827,0.003801
43.3854,0.002658
43.3887,0.003262
43.3922,0.003502
43.3949,0.002778
43.3971,0.002199
43.3996,0.002424
43.4021,0.002577
43.4060,0.003860
43.4088,0.002785
43.4114,0.002629
43.4137,0.002297
43.4167,0.002954
43.4190,0.002366
43.4226,0.003588
43.4256,0.003014
43.4286,0.002925
43.4306,0.002072
43.4332,0.002535
43.4359,0.002692
43.4399,0.004068
43.4429,0.002938
43.4454,0.002552
43.4479,0.002437
43.4507,0.002850
43.4528,0.002075
43.4572,0.004416
43.4595,0.002253
43.4621,0.002652
43.4644,0.002318
43.4668,0.002428
43.4693,0.002458
43.4738,0.004499
43.4759,0.002139
43.4782,0.002284
43.4810,0.002808
43.4847,0.003625
43.4871,0.002396
43.4912,0.004162
43.4941,0.002899
43.4975,0.003350
43.4995,0.002066
43.5020,0.002493
43.5059,0.003841
43.5094,0.003506
43.5113,0.001966
43.5137,0.002398
43.5162,0.002481
43.5195,0.003273
43.5232,0.003738
43.5257,0.002463
43.5281,0.002453
43.5310,0.002872
43.5331,0.002068
43.5359,0.002804
43.5399,0.004009
43.5427,0.002835
43.5449,0.002169
43.5475,0.002585
43.5506,0.003132
43.5537,0.003113
43.5575,0.003804
43.5597,0.002193
43.5623,0.002599
43.5653,0.002990
43.5682,0.002922
43.5714,0.003133
43.5748,0.003426
43.5777,0.002898
43.5798,0.002136
43.5828,0.002936
43.5863,0.003547
43.5907,0.004412
43.5928,0.002037
43.5949,0.002152
43.5977,0.002836
43.6007,0.002997
43.6028,0.002080
43.6071,0.004233
43.6103,0.003235
43.6127,0.002363
43.6152,0.002527
43.6176,0.002438
43.6210,0.003420
43.6254,0.004336
43.6278,0.002375
43.6305,0.002766
43.6331,0.002559
43.6362,0.003160
43.6395,0.003224
43.6423,0.002834
43.6451,0.002795
43.6480,0.002870
43.6499,0.001951
43.6526,0.002675
43.6567,0.004117
43.6593,0.002625
43.6616,0.002256
43.6641,0.002504
43.6667,0.002577
43.6698,0.003133
43.6734,0.003577
43.6755,0.002165
43.6782,0.002660
43.6811,0.002883
43.6835,0.002435
43.6872,0.003731
43.6911,0.003872
43.6934,0.002265
43.6960,0.002612
43.6986,0.002554
43.7014,0.002849
43.7042,0.002760
43.7151,0.010927
43.7214,0.006320
43.7301,0.008651
43.7472,0.017177
43.7507,0.003509
43.7615,0.010800
43.7636,0.002071
43.7656,0.001956
43.7676,0.002073
43.7724,0.004740
43.7777,0.005267
43.7803,0.002642
43.7830,0.002686
43.7860,0.003058
43.7889,0.002896
43.7917,0.002750
43.7942,0.002494
43.7974,0.003236
43.7995,0.002062
43.8026,0.003155
43.8063,0.003671
43.8115,0.005243
43.8136,0.002038
43.8169,0.003298
43.8191,0.002225
43.8220,0.002940
43.8262,0.004155
43.8286,0.002439
43.8306,0.001996
43.8336,0.003003
43.8373,0.003632
43.8416,0.004321
43.8439,0.002334
43.8463,0.002335
43.8487,0.002464
43.8519,0.003162
43.8548,0.002913
43.8584,0.003611
43.8607,0.002315
43.8656,0.004828
43.8683,0.002710
43.8717,0.003430
43.8747,0.003032
43.8773,0.002581
43.8795,0.002191
43.8824,0.002885
43.8847,0.002289
43.8892,0.004543
43.8921,0.002844
43.8946,0.002510
43.8975,0.002985
43.9004,0.002827
43.9029,0.002571
43.9068,0.003833
43.9091,0.002338
43.9120,0.002859
43.9141,0.002130
43.9175,0.003369
43.9196,0.002164
43.9237,0.004064
43.9260,0.002302
43.9288,0.002769
43.9319,0.003169
43.9343,0.002349
43.9375,0.003196
43.9409,0.003374
43.9432,0.002327
43.9462,0.003046
43.9490,0.002767
43.9510,0.002030
43.9542,0.003175
43.9589,0.004692
43.9615,0.002638
43.9636,0.002032
43.9656,0.002021
43.9681,0.002549
43.9725,0.004344
43.9751,0.002586
43.9783,0.003192
43.9802,0.001986
43.9832,0.002921
43.9860,0.002828
43.9917,0.005728
43.9942,0.002435
43.9969,0.002719
43.9990,0.002125
44.0011,0.002062
44.0059,0.004811
44.0086,0.002730
44.0108,0.002180
44.0141,0.003299
44.0171,0.003028
44.0195,0.002372
44.0228,0.003357
44.0257,0.002882
44.0292,0.003455
44.0312,0.002021
44.0334,0.002161
44.0371,0.003715
44.0411,0.004002
44.0438,0.002712
44.0459,0.002112
44.0483,0.002444
44.0512,0.002877
44.0549,0.003682
44.0588,0.003889
44.0690,0.010178
44.0724,0.003470
44.0745,0.002087
44.0779,0.003364
44.0905,0.012626
44.0997,0.009184
44.1020,0.002301
44.1042,0.002216
44.1079,0.003691
44.1105,0.002538
44.1128,0.002386
44.1150,0.002174
44.1171,0.002123
44.1191,0.001933
44.1247,0.005609
44.1288,0.004165
44.1312,0.002354
44.1334,0.002250
44.1368,0.003356
44.1418,0.005013
44.1453,0.003510
44.1482,0.002867
44.1503,0.002119
44.1529,0.002629
44.1573,0.004383
44.1629,0.005535
44.1659,0.003011
44.1685,0.002610
44.1716,0.003100
44.1758,0.004170
44.1779,0.002115
44.1801,0.002272
44.1827,0.002527
44.1859,0.003203
44.1898,0.003890
44.1935,0.003763
44.1964,0.002890
44.1984,0.002019
44.2009,0.002503
44.2041,0.003189
44.2089,0.004790
44.2111,0.002151
44.2135,0.002437
44.2165,0.002963
44.2201,0.003668
44.2245,0.004381
44.2269,0.002356
44.2292,0.002340
44.2322,0.002984
44.2343,0.002109
44.2374,0.003137
44.2413,0.003895
44.2443,0.002937
44.2464,0.002119
44.2490,0.002585
44.2515,0.002563
44.2553,0.003800
44.2584,0.003039
44.2610,0.002598
44.2634,0.002396
44.2662,0.002860
44.2684,0.002151
44.2720,0.003618
44.2751,0.003136
44.2778,0.002686
44.2799,0.002120
44.2824,0.002482
44.2850,0.002558
44.2896,0.004665
44.2930,0.003342
44.2952,0.002199
44.2978,0.002629
44.3009,0.003119
44.3032,0.002298
44.3074,0.004172
44.3096,0.002196
44.3125,0.002908
44.3146,0.002097
44.3176,0.003002
44.3207,0.003079
44.3248,0.004111
44.3269,0.002118
44.3293,0.002420
44.3318,0.002440
44.3355,0.003769
44.3387,0.003171
44.3422,0.003531
44.3445,0.002280
44.3475,0.002963
44.3496,0.002143
44.3532,0.003566
44.3565,0.003272
44.3593,0.002843
44.3620,0.002649
44.3650,0.003011
44.3672,0.002214
44.3700,0.002863
44.3737,0.003691
44.3760,0.002284
44.3787,0.002653
44.3816,0.002910
44.3836,0.002031
44.3863,0.002640
44.3916,0.005368
44.3942,0.002555
44.3966,0.002405
44.3993,0.002715
44.4021,0.002820
44.4051,0.002937
44.4085,0.003434
44.4110,0.002465
44.4138,0.002887
44.4167,0.002852
44.4188,0.002146
44.4223,0.003486
44.4260,0.003705
44.4281,0.002062
44.4306,0.002471
44.4331,0.002566
44.4362,0.003074
44.4399,0.003714
44.4423,0.002376
44.4448,0.002524
44.4478,0.002992
44.4499,0.002122
44.4526,0.002649
44.4569,0.004341
44.4595,0.002552
44.4615,0.002047
44.4640,0.002458
44.4665,0.002548
44.4697,0.003159
44.4733,0.003638
44.4755,0.002208
44.4783,0.002723
44.4810,0.002768
44.4832,0.002147
44.4858,0.002644
44.4907,0.004850
44.4936,0.002959
44.4959,0.002316
44.4986,0.002678
44.5010,0.002402
44.5048,0.003800
44.5081,0.003301
44.5111,0.002963
44.5133,0.002186
44.5161,0.002846
44.5185,0.002338
44.5227,0.004258
44.5264,0.003662
44.5287,0.002358
44.5308,0.002073
44.5333,0.002510
44.5371,0.003836
44.5407,0.003525
44.5427,0.002045
44.5454,0.002686
44.5484,0.002956
44.5505,0.002125
44.5532,0.002669
44.5574,0.004255
44.5601,0.002700
44.5623,0.002195
44.5654,0.003085
44.5682,0.002776
44.5730,0.004872
44.5754,0.002338
44.5778,0.002380
44.5803,0.002500
44.5832,0.002979
44.5860,0.002739
44.5909,0.004933
44.5940,0.003066
44.5961,0.002168
44.5991,0.002928
44.6014,0.002290
44.6050,0.003689
44.6082,0.003107
44.6105,0.002296
44.6134,0.002961
44.6162,0.002791
44.6186,0.002439
44.6222,0.003605
44.6257,0.003471
44.6290,0.003285
44.6312,0.002174
44.6337,0.002524
44.6364,0.002746
44.6408,0.004396
44.6430,0.002108
44.6455,0.002525
44.6482,0.002717
44.6510,0.002845
44.6534,0.002410
44.6575,0.004092
44.6598,0.002265
44.6630,0.003182
44.6650,0.002024
44.6675,0.002478
44.6705,0.002969
44.6745,0.004059
44.6766,0.002094
44.6791,0.002501
44.6816,0.002461
44.6840,0.002435
44.6875,0.003487
44.6910,0.003489
44.6941,0.003156
44.6976,0.003426
44.6996,0.002031
44.7021,0.002554
44.7057,0.003523
44.7099,0.004181
44.7119,0.002089
44.7141,0.002138
44.7167,0.002597
44.7193,0.002613
44.7237,0.004435
44.7258,0.002057
44.7284,0.002645
44.7309,0.002451
44.7338,0.002881
44.7359,0.002186
44.7404,0.004441
44.7426,0.002166
44.7456,0.003027
44.7477,0.002093
44.7502,0.002487
44.7533,0.003124
44.7579,0.004641
44.7600,0.002069
44.7622,0.002214
44.7647,0.002517
44.7675,0.002798
44.7710,0.003463
44.7744,0.003430
44.7769,0.002438
44.7793,0.002474
44.7822,0.002878
44.7845,0.002297
44.7879,0.003355
44.7914,0.003571
44.7945,0.003044
44.7973,0.002824
44.8002,0.002903
44.8030,0.002781
44.8074,0.004434
44.8095,0.002068
44.8118,0.002348
44.8148,0.002958
44.8176,0.002782
44.8199,0.002314
44.8241,0.004247
44.8266,0.002435
44.8295,0.002926
44.8317,0.002209
44.8344,0.002728
44.8378,0.003332
44.8418,0.004043
44.8438,0.002002
44.8467,0.002876
44.8493,0.002598
44.8523,0.003009
44.8555,0.003186
44.8587,0.003203
44.8610,0.002362
44.8642,0.003121
44.8664,0.002197
44.8692,0.002811
44.8733,0.004175
44.8759,0.002553
44.8784,0.002536
44.8812,0.002747
44.8837,0.002541
44.8871,0.003375
44.8918,0.004740
44.9042,0.012375
44.9132,0.008944
44.9154,0.002240
44.9172,0.001829
44.9194,0.002129
44.9217,0.002319
44.9247,0.003047
44.9280,0.003289
44.9302,0.002203
44.9328,0.002580
44.9356,0.002765
44.9396,0.004002
44.9444,0.004875
44.9469,0.002503
44.9498,0.002884
44.9520,0.002173
44.9558,0.003853
44.9612,0.005324
44.9631,0.001952
44.9661,0.002956
44.9684,0.002335
44.9726,0.004194
44.9754,0.002816
44.9777,0.002302
44.9803,0.002529
44.9831,0.002886
44.9853,0.002187
44.9890,0.003714
44.9920,0.002995
44.9958,0.003747
44.9986,0.002847
