Time (s),DeltaTime (s)
53.7462,0.006054
53.7560,0.009802
53.7661,0.010116
53.7681,0.001970
53.7697,0.001617
53.7714,0.001670
53.7750,0.003598
53.7811,0.006128
53.7836,0.002496
53.7854,0.001749
53.7873,0.001969
53.7938,0.006419
53.8041,0.010380
53.8072,0.003042
53.8115,0.004278
53.8147,0.003232
53.8175,0.002835
53.8200,0.002505
53.8217,0.001616
53.8270,0.005353
53.8321,0.005120
53.8340,0.001919
53.8379,0.003899
53.8429,0.004974
53.8478,0.004857
53.8499,0.002096
53.8534,0.003527
53.8581,0.004742
53.8642,0.006084
53.8664,0.002190
53.8700,0.003623
53.8750,0.004962
53.8780,0.003039
53.8818,0.003716
53.8854,0.003662
53.8889,0.003515
53.8940,0.005045
53.8973,0.003374
53.9005,0.003173
53.9036,0.003049
53.9084,0.004791
53.9115,0.003179
53.9151,0.003595
53.9189,0.003726
53.9222,0.003369
53.9269,0.004620
53.9298,0.002936
53.9331,0.003292
53.9366,0.003476
53.9410,0.004401
53.9449,0.003956
53.9490,0.004090
53.9518,0.002763
53.9548,0.003040
53.9596,0.004745
53.9627,0.003111
53.9658,0.003146
53.9701,0.004298
53.9746,0.004512
53.9783,0.003703
53.9811,0.002741
53.9845,0.003421
53.9878,0.003284
53.9927,0.004954
53.9956,0.002922
53.9988,0.003159
54.0024,0.003548
54.0218,0.019412
54.0312,0.009483
54.0396,0.008363
54.0474,0.007821
54.0550,0.007590
54.0626,0.007583
54.0695,0.006850
54.0776,0.008159
54.0848,0.007184
54.0913,0.006549
54.0989,0.007566
54.1055,0.006594
54.1134,0.007850
54.1201,0.006732
54.1283,0.008243
54.1350,0.006698
54.1420,0.006960
54.1491,0.007114
54.1560,0.006937
54.1639,0.007841
54.1711,0.007259
54.1789,0.007795
54.1857,0.006776
54.1924,0.006716
54.2000,0.007579
54.2070,0.006953
54.2156,0.008605
54.2223,0.006756
54.2305,0.008177
54.2371,0.006624
54.2449,0.007755
54.2515,0.006605
54.2594,0.007902
54.2671,0.007703
54.2739,0.006862
54.2820,0.008034
54.2893,0.007287
54.2969,0.007588
54.3040,0.007176
54.3121,0.008081
54.3201,0.007946
54.3281,0.008010
54.3396,0.011505
54.3602,0.020661
54.3632,0.002968
54.3651,0.001907
54.3673,0.002148
54.3691,0.001801
54.3714,0.002332
54.3741,0.002664
54.3782,0.004177
54.3808,0.002569
54.3844,0.003572
54.3874,0.003019
54.3923,0.004904
54.3959,0.003637
54.3991,0.003214
54.4025,0.003359
54.4060,0.003531
54.4118,0.005805
54.4137,0.001835
54.4171,0.003441
54.4205,0.003342
54.4258,0.005390
54.4296,0.003787
54.4318,0.002171
54.4351,0.003322
54.4397,0.004541
54.4442,0.004523
54.4469,0.002667
54.4504,0.003550
54.4537,0.003263
54.4584,0.004748
54.4618,0.003404
54.4650,0.003188
54.4684,0.003351
54.4721,0.003720
54.4765,0.004424
54.4792,0.002659
54.4828,0.003612
54.4861,0.003347
54.4897,0.003591
54.4951,0.005409
54.4974,0.002326
54.5008,0.003389
54.5044,0.003528
54.5091,0.004772
54.5120,0.002845
54.5153,0.003295
54.5193,0.004065
54.5225,0.003160
54.5271,0.004606
54.5302,0.003081
54.5335,0.003287
54.5380,0.004562
54.5429,0.004828
54.5452,0.002366
54.5486,0.003385
54.5524,0.003751
54.5558,0.003471
54.5604,0.004553
54.5634,0.002981
54.5669,0.003523
54.5702,0.003284
54.5748,0.004652
54.5783,0.003428
54.5822,0.003894
54.5853,0.003138
54.5887,0.003415
54.5935,0.004792
54.5962,0.002753
54.5996,0.003366
54.6029,0.003254
54.6064,0.003492
54.6118,0.005448
54.6141,0.002282
54.6174,0.003266
54.6208,0.003448
54.6255,0.004695
54.6286,0.003097
54.6320,0.003364
54.6355,0.003530
54.6395,0.004047
54.6442,0.004645
54.6468,0.002628
54.6501,0.003334
54.6535,0.003379
54.6584,0.004826
54.6615,0.003149
54.6648,0.003320
54.6684,0.003612
54.6717,0.003280
54.6764,0.004699
54.6791,0.002677
54.6824,0.003316
54.6858,0.003355
54.6899,0.004120
54.6947,0.004834
54.6975,0.002799
54.7010,0.003507
54.7044,0.003409
54.7090,0.004589
54.7123,0.003247
54.7154,0.003132
54.7188,0.003351
54.7228,0.004053
54.7273,0.004494
54.7301,0.002757
54.7336,0.003592
54.7371,0.003505
54.7429,0.005793
54.7457,0.002773
54.7489,0.003200
54.7527,0.003763
54.7562,0.003486
54.7609,0.004774
54.7641,0.003132
54.7679,0.003840
54.7702,0.002316
54.7747,0.004456
54.7783,0.003575
54.7816,0.003342
54.7849,0.003348
54.7885,0.003536
54.7934,0.004901
54.7958,0.002416
54.7992,0.003431
54.8026,0.003366
54.8060,0.003397
54.8117,0.005702
54.8136,0.001872
54.8169,0.003346
54.8204,0.003454
54.8250,0.004629
54.8281,0.003114
54.8317,0.003572
54.8352,0.003474
54.8384,0.003246
54.8447,0.006314
54.8470,0.002273
54.8501,0.003078
54.8536,0.003504
54.8584,0.004799
54.8613,0.002977
54.8648,0.003438
54.8683,0.003550
54.8717,0.003364
54.8773,0.005594
54.8802,0.002900
54.8826,0.002366
54.8858,0.003275
54.8894,0.003521
54.8951,0.005784
54.8970,0.001822
54.9004,0.003389
54.9037,0.003347
54.9085,0.004796
54.9116,0.003091
54.9149,0.003294
54.9185,0.003593
54.9219,0.003475
54.9266,0.004647
54.9294,0.002828
54.9327,0.003296
54.9361,0.003426
54.9406,0.004447
54.9456,0.005056
54.9481,0.002435
54.9516,0.003486
54.9551,0.003506
54.9597,0.004653
54.9626,0.002828
54.9657,0.003118
54.9692,0.003496
54.9729,0.003739
54.9780,0.005043
54.9803,0.002327
54.9837,0.003464
54.9873,0.003594
54.9918,0.004496
54.9951,0.003248
54.9984,0.003290
55.0018,0.003473
55.0053,0.003494
55.0108,0.005437
55.0130,0.002254
55.0201,0.007021
55.0267,0.006607
55.0354,0.008744
55.0429,0.007489
55.0504,0.007504
55.0524,0.002048
55.0546,0.002115
55.0562,0.001659
55.0586,0.002347
55.0620,0.003468
55.0641,0.002115
55.0673,0.003163
55.0706,0.003340
55.0753,0.004681
55.0786,0.003242
55.0819,0.003283
55.0854,0.003495
55.0886,0.003253
55.0944,0.005809
55.0968,0.002353
55.1000,0.003228
55.1033,0.003320
55.1084,0.005092
55.1116,0.003197
55.1147,0.003143
55.1183,0.003583
55.1217,0.003322
55.1263,0.004644
55.1292,0.002896
55.1325,0.003280
55.1358,0.003321
55.1408,0.005003
55.1464,0.005647
55.1485,0.002077
55.1519,0.003386
55.1552,0.003312
55.1598,0.004603
55.1629,0.003031
55.1659,0.003054
55.1693,0.003437
55.1740,0.004617
55.1778,0.003889
55.1806,0.002727
55.1840,0.003447
55.1877,0.003640
55.1923,0.004597
55.1954,0.003173
55.1986,0.003184
55.2024,0.003757
55.2060,0.003617
55.2116,0.005621
55.2135,0.001869
55.2171,0.003581
55.2202,0.003165
55.2250,0.004769
55.2282,0.003224
55.2318,0.003563
55.2350,0.003230
55.2386,0.003593
55.2443,0.005717
55.2469,0.002531
55.2504,0.003558
55.2536,0.003221
55.2581,0.004505
55.2616,0.003502
55.2650,0.003399
55.2685,0.003444
55.2722,0.003679
55.2766,0.004414
55.2793,0.002753
55.2830,0.003702
55.2862,0.003213
55.2902,0.003997
55.2952,0.004962
55.2977,0.002499
55.3010,0.003336
55.3044,0.003394
55.3092,0.004758
55.3124,0.003181
55.3157,0.003353
55.3191,0.003405
55.3225,0.003369
55.3281,0.005608
55.3303,0.002179
55.3335,0.003225
55.3369,0.003400
55.3418,0.004864
55.3460,0.004187
55.3484,0.002469
55.3521,0.003664
55.3553,0.003166
55.3602,0.004911
55.3629,0.002777
55.3661,0.003166
55.3694,0.003336
55.3750,0.005529
55.3779,0.002881
55.3809,0.003075
55.3843,0.003343
55.3880,0.003723
55.3927,0.004747
55.3955,0.002719
55.3990,0.003496
55.4024,0.003439
55.4058,0.003435
55.4118,0.005979
55.4135,0.001704
55.4167,0.003134
55.4203,0.003665
55.4249,0.004609
55.4279,0.003006
55.4315,0.003545
55.4350,0.003483
55.4382,0.003249
55.4434,0.005215
55.4470,0.003604
55.4497,0.002677
55.4531,0.003388
55.4578,0.004663
55.4611,0.003355
55.4643,0.003197
55.4680,0.003667
55.4712,0.003259
55.4758,0.004539
55.4788,0.003046
55.4824,0.003573
55.4860,0.003641
55.4916,0.005572
55.4968,0.005146
55.4990,0.002248
55.5021,0.003068
55.5054,0.003341
55.5104,0.004961
55.5134,0.003010
55.5167,0.003369
55.5202,0.003437
55.5250,0.004849
55.5282,0.003192
55.5318,0.003532
55.5353,0.003526
55.5386,0.003274
55.5438,0.005281
55.5478,0.003936
55.5499,0.002144
55.5534,0.003449
55.5581,0.004731
55.5613,0.003209
55.5648,0.003507
55.5683,0.003448
55.5715,0.003286
55.5762,0.004698
55.5794,0.003132
55.5827,0.003318
55.5861,0.003403
55.5906,0.004469
55.5945,0.003892
55.5974,0.002980
55.6010,0.003599
55.6042,0.003182
55.6089,0.004699
55.6122,0.003249
55.6153,0.003147
55.6187,0.003421
55.6225,0.003735
55.6267,0.004258
55.6297,0.002926
55.6334,0.003753
55.6366,0.003194
55.6412,0.004593
55.6452,0.004038
55.6485,0.003271
55.6520,0.003458
55.6555,0.003557
55.6601,0.004598
55.6629,0.002779
55.6664,0.003465
55.6697,0.003290
55.6743,0.004615
55.6780,0.003728
55.6812,0.003210
55.6846,0.003401
55.6881,0.003465
55.6930,0.004961
55.6954,0.002395
55.6990,0.003576
55.7024,0.003418
55.7059,0.003460
55.7117,0.005843
55.7135,0.001752
55.7174,0.003918
55.7208,0.003446
55.7259,0.005078
55.7285,0.002571
55.7320,0.003483
55.7354,0.003423
55.7390,0.003591
55.7438,0.004854
55.7473,0.003430
55.7501,0.002872
55.7535,0.003329
55.7579,0.004460
55.7615,0.003537
55.7648,0.003305
55.7683,0.003530
55.7721,0.003811
55.7764,0.004260
55.7791,0.002749
55.7828,0.003643
55.7859,0.003177
55.7900,0.004047
55.7949,0.004889
55.7972,0.002322
55.8005,0.003269
55.8039,0.003473
55.8088,0.004820
55.8116,0.002828
55.8149,0.003321
55.8183,0.003388
55.8221,0.003828
55.8269,0.004752
55.8296,0.002704
55.8331,0.003535
55.8364,0.003278
55.8408,0.004437
55.8446,0.003786
55.8487,0.004063
55.8515,0.002786
55.8550,0.003534
55.8598,0.004832
55.8626,0.002738
55.8660,0.003458
55.8693,0.003298
55.8733,0.003988
55.8780,0.004647
55.8808,0.002833
55.8840,0.003191
55.8876,0.003578
55.8926,0.004992
55.8952,0.002643
55.8987,0.003498
55.9024,0.003680
55.9057,0.003313
55.9103,0.004571
55.9133,0.003026
55.9165,0.003231
55.9200,0.003447
55.9248,0.004816
55.9278,0.002994
55.9364,0.008606
55.9428,0.006463
55.9533,0.010508
55.9619,0.008581
55.9780,0.016093
55.9808,0.002749
55.9825,0.001723
55.9843,0.001851
55.9859,0.001570
55.9879,0.002008
55.9897,0.001771
55.9939,0.004204
55.9967,0.002757
56.0004,0.003793
56.0038,0.003353
56.0082,0.004420
56.0114,0.003176
56.0150,0.003563
56.0182,0.003206
56.0217,0.003559
56.0267,0.004968
56.0293,0.002591
56.0333,0.004037
56.0377,0.004376
56.0420,0.004303
56.0451,0.003056
56.0486,0.003574
56.0523,0.003706
56.0556,0.003235
56.0609,0.005321
56.0635,0.002643
56.0668,0.003241
56.0702,0.003401
56.0753,0.005129
56.0783,0.002987
56.0822,0.003880
56.0854,0.003239
56.0887,0.003268
56.0937,0.005060
56.0965,0.002764
56.1002,0.003699
56.1038,0.003574
56.1088,0.004984
56.1117,0.002915
56.1150,0.003293
56.1184,0.003433
56.1223,0.003852
56.1268,0.004521
56.1295,0.002724
56.1331,0.003611
56.1363,0.003223
56.1415,0.005128
56.1447,0.003255
56.1480,0.003314
56.1527,0.004661
56.1557,0.003017
56.1604,0.004694
56.1629,0.002479
56.1663,0.003425
56.1696,0.003289
56.1744,0.004831
56.1779,0.003451
56.1811,0.003241
56.1845,0.003352
56.1882,0.003691
56.1928,0.004662
56.1954,0.002580
56.1990,0.003590
56.2025,0.003528
56.2059,0.003379
56.2116,0.005690
56.2135,0.001962
56.2170,0.003410
56.2203,0.003330
56.2249,0.004611
56.2281,0.003193
56.2316,0.003484
56.2353,0.003702
56.2384,0.003153
56.2433,0.004884
56.2463,0.002940
56.2497,0.003401
56.2539,0.004232
56.2585,0.004591
56.2616,0.003156
56.2654,0.003777
56.2688,0.003413
56.2723,0.003489
56.2768,0.004483
56.2800,0.003252
56.2833,0.003273
56.2866,0.003323
56.2916,0.004935
56.2947,0.003081
56.2980,0.003322
56.3014,0.003447
56.3050,0.003525
56.3097,0.004744
56.3123,0.002625
56.3157,0.003359
56.3190,0.003266
56.3225,0.003554
56.3279,0.005432
56.3301,0.002128
56.3334,0.003346
56.3369,0.003491
56.3418,0.004888
56.3447,0.002905
56.3481,0.003370
56.3524,0.004287
56.3557,0.003330
56.3603,0.004662
56.3634,0.003065
56.3666,0.003200
56.3700,0.003386
56.3752,0.005237
56.3785,0.003221
56.3816,0.003120
56.3849,0.003275
56.3887,0.003865
56.3934,0.004665
56.3958,0.002444
56.3993,0.003479
56.4027,0.003373
56.4063,0.003624
56.4116,0.005266
56.4138,0.002273
56.4173,0.003432
56.4209,0.003645
56.4255,0.004578
56.4283,0.002799
56.4317,0.003439
56.4351,0.003349
56.4388,0.003722
56.4434,0.004637
56.4461,0.002676
56.4497,0.003607
56.4536,0.003908
56.4582,0.004527
56.4615,0.003331
56.4647,0.003255
56.4681,0.003401
56.4717,0.003552
56.4761,0.004446
56.4788,0.002666
56.4826,0.003761
56.4857,0.003176
56.4894,0.003696
56.4950,0.005540
56.4969,0.001881
56.5002,0.003336
56.5038,0.003623
56.5084,0.004549
56.5114,0.003045
56.5149,0.003527
56.5184,0.003489
56.5218,0.003398
56.5262,0.004406
56.5297,0.003430
56.5327,0.003066
56.5361,0.003391
56.5410,0.004925
56.5443,0.003271
56.5475,0.003195
56.5512,0.003719
56.5549,0.003684
56.5596,0.004667
56.5625,0.002875
56.5656,0.003122
56.5689,0.003285
56.5726,0.003764
56.5782,0.005540
56.5804,0.002283
56.5840,0.003531
56.5873,0.003271
56.5924,0.005176
56.5954,0.002962
56.5985,0.003155
56.6021,0.003548
56.6057,0.003606
56.6103,0.004632
56.6132,0.002837
56.6167,0.003507
56.6200,0.003278
56.6245,0.004557
56.6279,0.003357
56.6312,0.003313
56.6345,0.003328
56.6382,0.003720
56.6429,0.004692
56.6454,0.002502
56.6490,0.003557
56.6526,0.003658
56.6579,0.005309
56.6613,0.003340
56.6641,0.002788
56.6674,0.003374
56.6710,0.003530
56.6755,0.004491
56.6783,0.002878
56.6820,0.003640
56.6856,0.003602
56.6888,0.003201
56.6945,0.005663
56.6966,0.002107
56.7000,0.003469
56.7033,0.003309
56.7080,0.004705
56.7112,0.003139
56.7148,0.003653
56.7183,0.003444
56.7215,0.003240
56.7259,0.004433
56.7289,0.002904
56.7323,0.003468
56.7360,0.003686
56.7406,0.004616
56.7444,0.003783
56.7475,0.003078
56.7510,0.003489
56.7541,0.003120
56.7595,0.005432
56.7624,0.002848
56.7655,0.003100
56.7688,0.003313
56.7727,0.003887
56.7778,0.005138
56.7801,0.002304
56.7836,0.003459
56.7869,0.003276
56.7914,0.004518
56.7949,0.003545
56.7981,0.003210
56.8016,0.003487
56.8051,0.003511
56.8096,0.004495
56.8125,0.002879
56.8159,0.003444
56.8193,0.003314
56.8232,0.003977
56.8282,0.004945
56.8308,0.002675
56.8341,0.003281
56.8374,0.003260
56.8423,0.004943
56.8450,0.002712
56.8485,0.003448
56.8519,0.003402
56.8562,0.004327
56.8616,0.005412
56.8637,0.002097
56.8673,0.003543
56.8705,0.003260
56.8753,0.004735
56.8784,0.003158
56.8817,0.003225
56.8850,0.003367
56.8890,0.003953
56.8935,0.004507
56.8963,0.002787
56.8997,0.003450
56.9032,0.003474
56.9078,0.004612
56.9113,0.003470
56.9144,0.003145
56.9178,0.003402
56.9216,0.003806
56.9261,0.004434
56.9288,0.002692
56.9325,0.003738
56.9357,0.003212
56.9394,0.003707
56.9447,0.005302
56.9469,0.002207
56.9502,0.003232
56.9537,0.003540
56.9597,0.005975
56.9626,0.002909
56.9655,0.002938
56.9689,0.003398
56.9730,0.004054
56.9775,0.004580
56.9801,0.002562
56.9836,0.003534
56.9870,0.003349
56.9921,0.005148
56.9950,0.002829
56.9982,0.003210
57.0016,0.003409
57.0051,0.003560
57.0101,0.004963
57.0128,0.002651
57.0162,0.003453
57.0195,0.003286
57.0239,0.004414
57.0282,0.004322
57.0327,0.004456
57.0352,0.002532
57.0387,0.003474
57.0438,0.005072
57.0465,0.002718
57.0496,0.003123
57.0530,0.003441
57.0576,0.004540
57.0625,0.004956
57.0648,0.002231
57.0682,0.003405
57.0716,0.003422
57.0776,0.005956
57.0794,0.001826
57.0829,0.003478
57.0864,0.003534
57.0918,0.005429
57.0957,0.003848
57.0984,0.002713
57.1018,0.003437
57.1050,0.003208
57.1103,0.005281
57.1133,0.002949
57.1161,0.002847
57.1195,0.003339
57.1247,0.005200
57.1276,0.002921
57.1309,0.003343
57.1345,0.003568
57.1381,0.003576
57.1430,0.004899
57.1456,0.002644
57.1489,0.003252
57.1527,0.003862
57.1584,0.005655
57.1626,0.004228
57.1649,0.002310
57.1683,0.003407
57.1717,0.003363
57.1763,0.004573
57.1792,0.002924
57.1824,0.003232
57.1859,0.003452
57.1904,0.004516
57.1943,0.003940
57.1970,0.002680
57.2006,0.003630
57.2039,0.003230
57.2082,0.004392
57.2116,0.003325
57.2148,0.003233
57.2183,0.003482
57.2220,0.003695
57.2264,0.004414
57.2292,0.002840
57.2330,0.003765
57.2362,0.003169
57.2409,0.004749
57.2443,0.003355
57.2478,0.003488
57.2513,0.003581
57.2547,0.003388
57.2604,0.005633
57.2632,0.002799
57.2664,0.003220
57.2696,0.003184
57.2742,0.004674
57.2777,0.003476
57.2813,0.003573
57.2846,0.003270
57.2882,0.003650
57.2929,0.004677
57.2954,0.002529
57.2988,0.003409
57.3022,0.003343
57.3057,0.003491
57.3117,0.006055
57.3138,0.002121
57.3170,0.003165
57.3204,0.003368
57.3253,0.004927
57.3281,0.002792
57.3315,0.003460
57.3349,0.003350
57.3386,0.003674
57.3435,0.004979
57.3460,0.002434
57.3494,0.003429
57.3529,0.003454
57.3570,0.004135
57.3620,0.005022
57.3644,0.002399
57.3677,0.003278
57.3711,0.003410
57.3766,0.005517
57.3788,0.002140
57.3822,0.003412
57.3855,0.003319
57.3897,0.004180
57.3943,0.004617
57.3967,0.002416
57.4002,0.003488
57.4034,0.003220
57.4080,0.004601
57.4114,0.003418
57.4147,0.003245
57.4180,0.003333
57.4217,0.003672
57.4261,0.004427
57.4288,0.002719
57.4326,0.003743
57.4358,0.003268
57.4401,0.004304
57.4445,0.004319
57.4470,0.002518
57.4504,0.003439
57.4539,0.003446
57.4585,0.004577
57.4621,0.003675
57.4650,0.002830
57.4685,0.003504
57.4717,0.003279
57.4763,0.004587
57.4793,0.002970
57.4829,0.003604
57.4861,0.003240
57.4913,0.005146
57.4943,0.003038
57.4976,0.003230
57.5012,0.003654
57.5045,0.003337
57.5089,0.004371
57.5125,0.003549
57.5157,0.003285
57.5191,0.003332
57.5236,0.004563
57.5274,0.003746
57.5306,0.003175
57.5341,0.003510
57.5373,0.003205
57.5419,0.004618
57.5451,0.003210
57.5484,0.003282
57.5518,0.003406
57.5554,0.003571
57.5601,0.004726
57.5715,0.011432
57.5814,0.009837
57.5959,0.014526
57.5976,0.001687
57.5994,0.001817
57.6010,0.001594
57.6028,0.001858
57.6044,0.001546
57.6091,0.004701
57.6119,0.002807
57.6152,0.003297
57.6186,0.003430
57.6224,0.003788
57.6278,0.005414
57.6297,0.001879
57.6341,0.004439
57.6372,0.003008
57.6412,0.004064
57.6446,0.003352
57.6478,0.003263
57.6513,0.003424
57.6548,0.003559
57.6591,0.004297
57.6626,0.003442
57.6663,0.003699
57.6695,0.003216
57.6741,0.004662
57.6777,0.003541
57.6810,0.003324
57.6845,0.003457
57.6880,0.003558
57.6927,0.004732
57.6953,0.002595
57.6987,0.003403
57.7022,0.003496
57.7055,0.003275
57.7111,0.005571
57.7131,0.002050
57.7165,0.003346
57.7198,0.003350
57.7245,0.004715
57.7276,0.003061
57.7310,0.003416
57.7346,0.003555
57.7379,0.003282
57.7426,0.004713
57.7455,0.002916
57.7490,0.003517
57.7526,0.003604
57.7570,0.004426
57.7607,0.003665
57.7649,0.004214
57.7682,0.003274
57.7712,0.003016
57.7758,0.004556
57.7788,0.003024
57.7822,0.003437
57.7855,0.003327
57.7892,0.003637
57.7942,0.005008
57.7967,0.002485
57.8001,0.003471
57.8034,0.003224
57.8079,0.004572
57.8113,0.003400
57.8146,0.003243
57.8178,0.003265
57.8215,0.003683
57.8274,0.005870
57.8297,0.002325
57.8328,0.003048
57.8360,0.003208
57.8404,0.004462
57.8444,0.003997
57.8477,0.003241
57.8512,0.003502
57.8547,0.003504
57.8597,0.005024
57.8621,0.002423
57.8666,0.004425
57.8690,0.002444
57.8728,0.003783
57.8779,0.005086
57.8802,0.002334
57.8835,0.003340
57.8870,0.003417
57.8920,0.005007
57.8947,0.002701
57.8980,0.003319
57.9017,0.003752
57.9052,0.003466
57.9098,0.004640
57.9126,0.002748
57.9159,0.003325
57.9192,0.003326
57.9240,0.004711
57.9275,0.003530
57.9308,0.003350
57.9342,0.003345
57.9379,0.003762
57.9427,0.004754
57.9452,0.002530
57.9486,0.003385
57.9521,0.003491
57.9555,0.003354
57.9610,0.005512
57.9632,0.002191
57.9676,0.004450
57.9708,0.003144
57.9750,0.004208
57.9780,0.003012
57.9816,0.003601
57.9849,0.003331
57.9883,0.003379
57.9937,0.005372
57.9960,0.002359
57.9994,0.003353
58.0029,0.003552
58.0077,0.004804
58.0109,0.003157
58.0143,0.003398
58.0178,0.003557
58.0211,0.003300
58.0258,0.004676
58.0291,0.003298
58.0327,0.003621
58.0360,0.003227
58.0404,0.004430
58.0443,0.003923
58.0472,0.002844
58.0508,0.003660
58.0542,0.003360
58.0586,0.004379
58.0618,0.003262
58.0654,0.003554
58.0690,0.003622
58.0733,0.004333
58.0775,0.004151
58.0801,0.002647
58.0837,0.003539
58.0870,0.003289
58.0917,0.004763
58.0950,0.003278
58.0981,0.003151
58.1016,0.003456
58.1052,0.003640
58.1097,0.004478
58.1126,0.002924
58.1161,0.003477
58.1194,0.003242
58.1244,0.005006
58.1277,0.003380
58.1309,0.003195
58.1342,0.003298
58.1380,0.003730
58.1428,0.004796
58.1452,0.002453
58.1487,0.003481
58.1521,0.003437
58.1571,0.004975
58.1613,0.004236
58.1638,0.002483
58.1675,0.003702
58.1709,0.003381
58.1759,0.004934
58.1783,0.002499
58.1819,0.003503
58.1853,0.003405
58.1889,0.003632
58.1942,0.005312
58.1963,0.002099
58.1999,0.003575
58.2033,0.003405
58.2079,0.004614
58.2112,0.003259
58.2145,0.003324
58.2181,0.003657
58.2218,0.003703
58.2264,0.004575
58.2291,0.002673
58.2326,0.003565
58.2358,0.003186
58.2405,0.004647
58.2444,0.003927
58.2472,0.002751
58.2506,0.003483
58.2540,0.003364
58.2585,0.004493
58.2615,0.002967
58.2649,0.003463
58.2697,0.004765
58.2723,0.002600
58.2777,0.005423
58.2801,0.002386
58.2832,0.003097
58.2865,0.003330
58.2913,0.004784
58.2945,0.003217
58.2978,0.003256
58.3014,0.003620
58.3047,0.003245
58.3095,0.004835
58.3123,0.002768
58.3155,0.003241
58.3188,0.003330
58.3233,0.004517
58.3274,0.004060
58.3300,0.002620
58.3335,0.003474
58.3367,0.003237
58.3415,0.004797
58.3447,0.003166
58.3479,0.003191
58.3513,0.003439
58.3549,0.003570
58.3596,0.004689
58.3623,0.002736
58.3656,0.003246
58.3697,0.004178
58.3740,0.004295
58.3774,0.003376
58.3806,0.003202
58.3840,0.003346
58.3879,0.003903
58.3927,0.004870
58.3952,0.002450
58.3986,0.003409
58.4022,0.003626
58.4055,0.003227
58.4111,0.005663
58.4130,0.001861
58.4163,0.003370
58.4200,0.003656
58.4246,0.004610
58.4275,0.002927
58.4312,0.003617
58.4348,0.003604
58.4380,0.003209
58.4428,0.004839
58.4456,0.002746
58.4488,0.003294
58.4524,0.003571
58.4568,0.004374
58.4605,0.003730
58.4636,0.003102
58.4673,0.003641
58.4717,0.004417
58.4756,0.003932
58.4786,0.003017
58.4821,0.003488
58.4854,0.003269
58.4890,0.003625
58.4943,0.005304
58.4966,0.002305
58.5002,0.003587
58.5035,0.003311
58.5080,0.004439
58.5115,0.003500
58.5147,0.003221
58.5180,0.003340
58.5217,0.003713
58.5261,0.004403
58.5288,0.002713
58.5331,0.004255
58.5360,0.002921
58.5404,0.004401
58.5442,0.003745
58.5474,0.003276
58.5508,0.003392
58.5543,0.003491
58.5588,0.004500
58.5615,0.002673
58.5652,0.003699
58.5690,0.003829
58.5732,0.004201
58.5776,0.004326
58.5809,0.003350
58.5840,0.003064
58.5873,0.003341
58.5926,0.005314
58.5953,0.002631
58.5983,0.003077
58.6017,0.003380
58.6054,0.003641
58.6105,0.005101
58.6130,0.002514
58.6165,0.003517
58.6197,0.003214
58.6246,0.004885
58.6279,0.003341
58.6313,0.003388
58.6346,0.003288
58.6381,0.003503
58.6429,0.004803
58.6455,0.002565
58.6490,0.003480
58.6524,0.003409
58.6565,0.004126
58.6608,0.004275
58.6638,0.003028
58.6671,0.003280
58.6719,0.004877
58.6757,0.003742
58.6785,0.002766
58.6821,0.003622
58.6853,0.003206
58.6890,0.003767
58.6944,0.005369
58.6967,0.002235
58.7000,0.003328
58.7036,0.003588
58.7081,0.004538
58.7110,0.002918
58.7144,0.003336
58.7179,0.003573
58.7215,0.003559
58.7260,0.004477
58.7286,0.002668
58.7322,0.003594
58.7356,0.003327
58.7390,0.003407
58.7443,0.005367
58.7467,0.002413
58.7501,0.003395
58.7535,0.003331
58.7584,0.004951
58.7612,0.002760
58.7644,0.003246
58.7685,0.004091
58.7741,0.005623
58.7774,0.003282
58.7801,0.002693
58.7836,0.003496
58.7869,0.003314
58.7918,0.004863
58.7946,0.002760
58.7979,0.003327
58.8015,0.003591
58.8050,0.003496
58.8096,0.004596
58.8126,0.003074
58.8162,0.003526
58.8193,0.003096
58.8239,0.004666
58.8274,0.003439
58.8308,0.003451
58.8341,0.003237
58.8376,0.003595
58.8424,0.004799
58.8451,0.002633
58.8486,0.003475
58.8519,0.003387
58.8554,0.003417
58.8607,0.005343
58.8631,0.002398
58.8664,0.003276
58.8704,0.004040
58.8759,0.005477
58.8783,0.002400
58.8817,0.003432
58.8851,0.003376
58.8888,0.003660
58.8943,0.005508
58.8962,0.001978
58.8998,0.003525
58.9030,0.003258
58.9076,0.004621
58.9110,0.003383
58.9143,0.003223
58.9177,0.003443
58.9217,0.004047
58.9264,0.004614
58.9289,0.002525
58.9325,0.003571
58.9357,0.003253
58.9403,0.004629
58.9440,0.003699
58.9472,0.003148
58.9506,0.003450
58.9557,0.005076
58.9611,0.005354
58.9635,0.002431
58.9660,0.002519
58.9694,0.003400
58.9749,0.005464
58.9785,0.003600
58.9807,0.002181
58.9841,0.003437
58.9874,0.003335
58.9934,0.005989
58.9953,0.001896
58.9986,0.003264
59.0020,0.003426
59.0057,0.003651
59.0105,0.004825
59.0132,0.002745
59.0168,0.003548
59.0201,0.003299
59.0245,0.004467
59.0279,0.003317
59.0315,0.003684
59.0347,0.003158
59.0383,0.003594
59.0431,0.004782
59.0456,0.002546
59.0492,0.003601
59.0525,0.003282
59.0567,0.004210
59.0606,0.003862
59.0640,0.003436
59.0674,0.003350
59.0711,0.003716
59.0774,0.006277
59.0795,0.002190
59.0830,0.003497
59.0862,0.003199
59.0910,0.004732
59.0955,0.004532
59.0987,0.003184
59.1021,0.003456
59.1072,0.005089
59.1121,0.004839
59.1141,0.002003
59.1176,0.003554
59.1210,0.003386
59.1256,0.004593
59.1285,0.002938
59.1318,0.003278
59.1351,0.003285
59.1393,0.004157
59.1450,0.005718
59.1468,0.001840
59.1502,0.003395
59.1537,0.003457
59.1583,0.004574
59.1615,0.003225
59.1647,0.003174
59.1681,0.003401
59.1721,0.004025
59.1786,0.006493
59.1907,0.012142
59.1989,0.008213
59.2124,0.013518
59.2143,0.001833
59.2161,0.001826
59.2177,0.001579
59.2195,0.001813
59.2211,0.001601
59.2257,0.004631
59.2290,0.003266
59.2327,0.003687
59.2352,0.002558
59.2388,0.003519
59.2441,0.005371
59.2462,0.002120
59.2500,0.003736
59.2533,0.003271
59.2576,0.004397
59.2611,0.003446
59.2646,0.003455
59.2679,0.003319
59.2720,0.004078
59.2777,0.005710
59.2801,0.002399
59.2837,0.003598
59.2868,0.003145
59.2915,0.004686
59.2950,0.003468
59.2981,0.003108
59.3015,0.003422
59.3051,0.003606
59.3099,0.004775
59.3126,0.002734
59.3160,0.003432
59.3193,0.003283
59.3241,0.004825
59.3275,0.003323
59.3309,0.003416
59.3342,0.003299
59.3379,0.003753
59.3427,0.004783
59.3451,0.002373
59.3486,0.003538
59.3520,0.003404
59.3558,0.003803
59.3605,0.004647
59.3634,0.002912
59.3667,0.003350
59.3705,0.003782
59.3760,0.005459
59.3788,0.002771
59.3824,0.003600
59.3856,0.003256
59.3891,0.003499
59.3943,0.005151
59.3968,0.002590
59.4003,0.003459
59.4046,0.004301
59.4110,0.006424
59.4136,0.002584
59.4172,0.003626
59.4205,0.003267
59.4265,0.005997
59.4297,0.003187
59.4326,0.002916
59.4356,0.002981
59.4393,0.003716
59.4444,0.005076
59.4468,0.002384
59.4502,0.003455
59.4536,0.003379
59.4586,0.004955
59.4612,0.002656
59.4645,0.003329
59.4681,0.003553
59.4718,0.003707
59.4773,0.005471
59.4801,0.002844
59.4835,0.003381
59.4867,0.003200
59.4918,0.005118
59.4948,0.002990
59.4980,0.003156
59.5014,0.003422
59.5050,0.003654
59.5098,0.004731
59.5127,0.002893
59.5161,0.003444
59.5193,0.003223
59.5244,0.005091
59.5276,0.003172
59.5310,0.003433
59.5343,0.003241
59.5378,0.003526
59.5427,0.004933
59.5452,0.002427
59.5486,0.003429
59.5519,0.003368
59.5554,0.003473
59.5606,0.005215
59.5632,0.002613
59.5666,0.003347
59.5701,0.003550
59.5751,0.004960
59.5793,0.004196
59.5820,0.002703
59.5855,0.003530
59.5886,0.003103
59.5943,0.005615
59.5964,0.002124
59.5995,0.003123
59.6031,0.003636
59.6077,0.004528
59.6109,0.003211
59.6143,0.003425
59.6179,0.003551
59.6211,0.003293
59.6257,0.004533
59.6287,0.003004
59.6320,0.003330
59.6353,0.003273
59.6395,0.004202
59.6438,0.004283
59.6467,0.002960
59.6502,0.003427
59.6534,0.003275
59.6578,0.004354
59.6611,0.003360
59.6644,0.003206
59.6678,0.003447
59.6715,0.003670
59.6758,0.004361
59.6796,0.003817
59.6827,0.003014
59.6857,0.003055
59.6898,0.004040
59.6940,0.004247
59.6971,0.003070
59.7004,0.003310
59.7038,0.003399
59.7089,0.005112
59.7115,0.002593
59.7147,0.003222
59.7181,0.003347
59.7220,0.003895
59.7268,0.004819
59.7295,0.002768
59.7331,0.003522
59.7362,0.003157
59.7410,0.004811
59.7444,0.003344
59.7476,0.003243
59.7511,0.003519
59.7553,0.004129
59.7595,0.004213
59.7623,0.002795
59.7656,0.003331
59.7689,0.003263
59.7733,0.004402
59.7773,0.004002
59.7815,0.004280
59.7849,0.003322
59.7880,0.003082
59.7937,0.005747
59.7957,0.002038
59.7995,0.003713
59.8029,0.003490
59.8074,0.004460
59.8108,0.003407
59.8141,0.003268
59.8175,0.003433
59.8211,0.003573
59.8257,0.004568
59.8282,0.002592
59.8320,0.003729
59.8351,0.003120
59.8385,0.003378
59.8441,0.005623
59.8461,0.002005
59.8496,0.003536
59.8532,0.003576
59.8578,0.004601
59.8609,0.003104
59.8643,0.003341
59.8676,0.003373
59.8712,0.003604
59.8757,0.004438
59.8790,0.003304
59.8828,0.003874
59.8859,0.003053
59.8905,0.004569
59.8941,0.003599
59.8972,0.003121
59.9005,0.003350
59.9042,0.003613
59.9091,0.004965
59.9118,0.002719
59.9152,0.003339
59.9184,0.003258
59.9220,0.003522
59.9275,0.005499
59.9295,0.002017
59.9330,0.003565
59.9364,0.003328
59.9412,0.004857
59.9442,0.002983
59.9475,0.003319
59.9513,0.003760
59.9546,0.003284
59.9594,0.004848
59.9623,0.002914
59.9655,0.003139
59.9689,0.003401
59.9743,0.005465
59.9774,0.003100
59.9811,0.003693
59.9843,0.003200
59.9876,0.003255
59.9939,0.006363
59.9963,0.002353
59.9994,0.003144
60.0030,0.003598
60.0083,0.005278
60.0112,0.002912
60.0146,0.003389
60.0188,0.004226
60.0225,0.003663
60.0280,0.005486
60.0302,0.002185
60.0338,0.003657
60.0370,0.003162
60.0424,0.005397
60.0449,0.002529
60.0483,0.003420
60.0522,0.003855
60.0563,0.004124
60.0614,0.005098
60.0643,0.002883
60.0673,0.002953
60.0709,0.003607
60.0756,0.004744
60.0781,0.002492
60.0824,0.004286
60.0855,0.003092
60.0887,0.003217
60.0938,0.005128
60.0965,0.002697
60.0997,0.003158
60.1032,0.003516
60.1079,0.004690
60.1109,0.002976
60.1143,0.003438
60.1177,0.003366
60.1215,0.003812
60.1261,0.004671
60.1290,0.002832
60.1326,0.003597
60.1360,0.003402
60.1405,0.004549
60.1439,0.003356
60.1472,0.003296
60.1511,0.003879
60.1545,0.003405
60.1597,0.005269
60.1624,0.002622
60.1659,0.003589
60.1691,0.003190
60.1738,0.004689
60.1772,0.003376
60.1806,0.003389
60.1850,0.004387
60.1883,0.003364
60.1930,0.004677
60.1957,0.002636
60.1993,0.003607
60.2025,0.003266
60.2072,0.004653
60.2105,0.003332
60.2137,0.003214
60.2172,0.003478
60.2208,0.003633
60.2253,0.004492
60.2280,0.002661
60.2315,0.003526
60.2348,0.003277
60.2383,0.003545
60.2440,0.005700
60.2458,0.001768
60.2496,0.003747
60.2534,0.003886
60.2573,0.003881
60.2604,0.003096
60.2639,0.003449
60.2675,0.003658
60.2708,0.003263
60.2753,0.004517
60.2782,0.002904
60.2816,0.003394
60.2862,0.004559
60.2901,0.003894
60.2936,0.003572
60.2966,0.002988
60.3037,0.007074
60.3079,0.004241
60.3151,0.007199
60.3194,0.004252
60.3233,0.003894
60.3297,0.006431
60.3335,0.003796
60.3373,0.003813
60.3409,0.003608
60.3454,0.004513
60.3480,0.002551
60.3511,0.003106
60.3535,0.002449
60.3557,0.002195
60.3621,0.006379
60.3642,0.002069
60.3673,0.003156
60.3714,0.004109
60.3766,0.005147
60.3783,0.001737
60.3815,0.003191
60.3852,0.003706
60.3900,0.004745
60.3939,0.003956
60.3971,0.003126
60.4005,0.003397
60.4037,0.003215
60.4086,0.004963
60.4119,0.003309
60.4149,0.003003
60.4183,0.003360
60.4224,0.004124
60.4276,0.005129
60.4295,0.001958
60.4332,0.003693
60.4364,0.003148
60.4413,0.004915
60.4444,0.003172
60.4476,0.003119
60.4511,0.003550
60.4547,0.003585
60.4594,0.004679
60.4621,0.002696
60.4655,0.003420
60.4688,0.003265
60.4734,0.004622
60.4770,0.003583
60.4803,0.003296
60.4837,0.003442
60.4881,0.004440
60.4934,0.005230
60.4955,0.002085
60.4990,0.003557
60.5023,0.003314
60.5070,0.004661
60.5115,0.004536
60.5146,0.003102
60.5182,0.003543
60.5247,0.006482
60.5299,0.005222
60.5328,0.002898
60.5352,0.002409
60.5372,0.002038
60.5420,0.004787
60.5448,0.002750
60.5484,0.003631
60.5518,0.003457
60.5552,0.003322
60.5606,0.005451
60.5630,0.002423
60.5664,0.003339
60.5698,0.003393
60.5748,0.005045
60.5777,0.002846
60.5813,0.003606
60.5849,0.003632
60.5888,0.003851
60.5939,0.005099
60.5966,0.002715
60.5999,0.003359
60.6032,0.003322
60.6079,0.004680
60.6109,0.002951
60.6143,0.003443
60.6177,0.003360
60.6213,0.003643
60.6259,0.004553
60.6287,0.002802
60.6322,0.003530
60.6355,0.003254
60.6402,0.004759
60.6438,0.003623
60.6469,0.003062
60.6503,0.003407
60.6538,0.003530
60.6581,0.004257
60.6612,0.003069
60.6648,0.003601
60.6679,0.003174
60.6714,0.003506
60.6776,0.006103
60.6793,0.001721
60.6826,0.003311
60.6864,0.003862
60.6917,0.005243
60.6944,0.002667
60.6977,0.003299
60.7012,0.003592
60.7048,0.003565
60.7094,0.004633
60.7123,0.002872
60.7157,0.003388
60.7190,0.003253
60.7237,0.004765
60.7270,0.003298
60.7304,0.003412
60.7337,0.003275
60.7375,0.003775
60.7422,0.004687
60.7448,0.002593
60.7482,0.003407
60.7515,0.003348
60.7551,0.003552
60.7604,0.005331
60.7625,0.002146
60.7659,0.003320
60.7694,0.003577
60.7742,0.004777
60.7772,0.002937
60.7805,0.003379
60.7843,0.003755
60.7887,0.004371
60.7933,0.004657
60.7956,0.002306
60.7989,0.003225
60.8024,0.003590
60.8072,0.004729
60.8166,0.009403
60.8237,0.007150
60.8318,0.008051
60.8455,0.013675
60.8478,0.002321
60.8503,0.002512
60.8521,0.001847
60.8539,0.001795
60.8562,0.002264
60.8591,0.002886
60.8617,0.002605
60.8650,0.003344
60.8687,0.003641
60.8724,0.003696
60.8768,0.004409
60.8801,0.003283
60.8832,0.003124
60.8869,0.003745
60.8932,0.006303
60.8951,0.001856
60.8982,0.003167
60.9016,0.003371
60.9051,0.003516
60.9106,0.005431
60.9127,0.002099
60.9161,0.003405
60.9193,0.003225
60.9241,0.004793
60.9273,0.003254
60.9308,0.003414
60.9341,0.003319
60.9377,0.003583
60.9427,0.005048
60.9452,0.002496
60.9486,0.003402
60.9525,0.003938
60.9583,0.005711
60.9616,0.003352
60.9636,0.002011
60.9670,0.003349
60.9704,0.003474
60.9753,0.004862
60.9779,0.002561
60.9813,0.003470
60.9846,0.003274
60.9890,0.004427
60.9950,0.005920
60.9967,0.001765
61.0001,0.003391
61.0036,0.003478
61.0080,0.004397
61.0112,0.003184
61.0144,0.003271
61.0180,0.003612
61.0218,0.003738
61.0261,0.004349
61.0290,0.002877
61.0327,0.003712
61.0362,0.003441
61.0407,0.004526
61.0440,0.003340
61.0473,0.003239
61.0510,0.003685
61.0544,0.003414
61.0589,0.004528
61.0616,0.002736
61.0651,0.003512
61.0683,0.003191
61.0721,0.003771
61.0771,0.004999
61.0795,0.002426
61.0833,0.003727
61.0866,0.003320
61.0925,0.005906
61.0952,0.002724
61.0986,0.003388
61.1020,0.003422
61.1065,0.004447
61.1101,0.003585
61.1135,0.003419
61.1169,0.003458
61.1202,0.003254
61.1246,0.004395
61.1278,0.003189
61.1312,0.003465
61.1346,0.003402
61.1382,0.003601
61.1439,0.005620
61.1458,0.001897
61.1493,0.003564
61.1528,0.003482
61.1572,0.004387
61.1613,0.004110
61.1640,0.002707
61.1672,0.003246
61.1707,0.003474
61.1759,0.005169
61.1784,0.002523
61.1821,0.003716
61.1853,0.003174
61.1910,0.005676
61.1949,0.003887
61.1975,0.002619
61.2009,0.003442
61.2042,0.003299
61.2091,0.004850
61.2121,0.003003
61.2152,0.003140
61.2186,0.003338
61.2236,0.005016
61.2268,0.003235
61.2299,0.003077
61.2334,0.003549
61.2367,0.003278
61.2426,0.005890
61.2448,0.002192
61.2481,0.003279
61.2515,0.003413
61.2552,0.003743
61.2604,0.005176
61.2625,0.002073
61.2660,0.003468
61.2692,0.003202
61.2740,0.004811
61.2772,0.003277
61.2805,0.003255
61.2839,0.003439
61.2874,0.003496
61.2931,0.005665
61.2956,0.002503
61.2993,0.003744
61.3028,0.003463
61.3072,0.004384
61.3106,0.003378
61.3139,0.003293
61.3174,0.003509
61.3209,0.003533
61.3254,0.004523
61.3282,0.002740
61.3322,0.004055
61.3352,0.003007
61.3387,0.003428
61.3439,0.005248
61.3463,0.002379
61.3497,0.003383
61.3533,0.003606
61.3578,0.004541
61.3607,0.002894
61.3641,0.003353
61.3675,0.003480
61.3711,0.003587
61.3755,0.004352
61.3785,0.002994
61.3819,0.003466
61.3851,0.003197
61.3889,0.003773
61.3954,0.006456
61.3971,0.001725
61.4004,0.003347
61.4036,0.003153
61.4085,0.004942
61.4112,0.002687
61.4145,0.003249
61.4179,0.003390
61.4217,0.003795
61.4269,0.005226
61.4288,0.001961
61.4324,0.003593
61.4356,0.003204
61.4405,0.004868
61.4438,0.003331
61.4470,0.003205
61.4505,0.003472
61.4540,0.003462
61.4590,0.005029
61.4614,0.002419
61.4648,0.003366
61.4680,0.003209
61.4717,0.003699
61.4772,0.005460
61.4791,0.001919
61.4824,0.003358
61.4857,0.003319
61.4909,0.005104
61.4950,0.004175
61.4975,0.002423
61.5010,0.003532
61.5042,0.003196
61.5087,0.004550
61.5117,0.003008
61.5151,0.003332
61.5184,0.003330
61.5229,0.004477
61.5267,0.003827
61.5296,0.002864
61.5334,0.003857
61.5366,0.003146
61.5411,0.004535
61.5443,0.003230
61.5478,0.003437
61.5516,0.003869
61.5550,0.003374
61.5603,0.005272
61.5623,0.001974
61.5657,0.003436
61.5690,0.003258
61.5736,0.004682
61.5771,0.003456
61.5806,0.003535
61.5839,0.003259
61.5876,0.003697
61.5926,0.005060
61.5960,0.003349
61.5989,0.002909
61.6022,0.003259
61.6062,0.004052
61.6104,0.004187
61.6136,0.003162
61.6169,0.003329
61.6205,0.003572
61.6250,0.004577
61.6278,0.002725
61.6313,0.003582
61.6345,0.003142
61.6379,0.003430
61.6439,0.005987
61.6457,0.001770
61.6488,0.003076
61.6524,0.003605
61.6571,0.004769
61.6602,0.003057
61.6636,0.003420
61.6671,0.003472
61.6704,0.003292
61.6750,0.004671
61.6778,0.002776
61.6811,0.003273
61.6844,0.003340
61.6881,0.003629
61.6930,0.004987
61.6967,0.003655
61.6995,0.002849
61.7029,0.003395
61.7074,0.004410
61.7107,0.003351
61.7140,0.003293
61.7174,0.003401
61.7213,0.003859
61.7257,0.004416
61.7284,0.002773
61.7321,0.003608
61.7353,0.003279
61.7398,0.004459
61.7435,0.003734
61.7465,0.003010
61.7500,0.003486
61.7537,0.003638
61.7581,0.004408
61.7610,0.002970
61.7646,0.003542
61.7680,0.003381
61.7714,0.003406
61.7770,0.005671
61.7788,0.001792
61.7825,0.003707
61.7859,0.003354
61.7908,0.004908
61.7943,0.003464
61.7977,0.003476
61.8013,0.003554
61.8046,0.003309
61.8096,0.004959
61.8126,0.003019
61.8157,0.003104
61.8189,0.003226
61.8238,0.004942
61.8268,0.002990
61.8304,0.003513
61.8338,0.003412
61.8371,0.003284
61.8422,0.005184
61.8449,0.002641
61.8480,0.003088
61.8514,0.003414
61.8550,0.003663
61.8605,0.005481
61.8626,0.002084
61.8660,0.003381
61.8692,0.003250
61.8741,0.004846
61.8774,0.003354
61.8808,0.003381
61.8841,0.003254
61.8876,0.003555
61.8923,0.004624
61.8953,0.003079
61.8989,0.003541
61.9021,0.003276
61.9063,0.004153
61.9102,0.003859
61.9135,0.003339
61.9169,0.003402
61.9204,0.003509
61.9250,0.004548
61.9277,0.002709
61.9313,0.003623
61.9345,0.003193
61.9380,0.003546
61.9440,0.005972
61.9458,0.001784
61.9490,0.003196
61.9524,0.003401
61.9572,0.004787
61.9602,0.003037
61.9638,0.003551
61.9673,0.003508
61.9708,0.003511
61.9752,0.004423
61.9780,0.002827
61.9813,0.003249
61.9850,0.003705
61.9895,0.004558
61.9955,0.006009
61.9979,0.002366
62.0005,0.002545
62.0037,0.003229
62.0086,0.004899
62.0113,0.002688
62.0144,0.003132
62.0198,0.005442
62.0288,0.008940
62.0365,0.007731
62.0439,0.007428
62.0480,0.004100
62.0515,0.003413
62.0540,0.002501
62.0560,0.002005
62.0587,0.002703
62.0609,0.002188
62.0625,0.001675
62.0660,0.003428
62.0692,0.003207
62.0739,0.004736
62.0771,0.003220
62.0805,0.003365
62.0841,0.003637
62.0877,0.003578
62.0922,0.004510
62.0956,0.003411
62.0996,0.003977
62.1028,0.003229
62.1073,0.004467
62.1107,0.003437
62.1140,0.003287
62.1174,0.003376
62.1211,0.003727
62.1257,0.004595
62.1287,0.003029
62.1326,0.003851
62.1361,0.003486
62.1411,0.004980
62.1447,0.003609
62.1475,0.002865
62.1511,0.003601
62.1552,0.004100
62.1619,0.006686
62.1641,0.002167
62.1668,0.002673
62.1701,0.003287
62.1750,0.004948
62.1784,0.003393
62.1818,0.003376
62.1852,0.003406
62.1901,0.004961
62.1939,0.003780
62.1983,0.004385
62.2022,0.003902
62.2052,0.002946
62.2094,0.004293
62.2124,0.002940
62.2156,0.003199
62.2189,0.003333
62.2238,0.004910
62.2267,0.002894
62.2302,0.003483
62.2338,0.003609
62.2371,0.003269
62.2423,0.005232
62.2447,0.002364
62.2479,0.003206
62.2513,0.003433
62.2549,0.003592
62.2602,0.005294
62.2623,0.002069
62.2657,0.003382
62.2689,0.003239
62.2737,0.004765
62.2769,0.003265
62.2802,0.003243
62.2837,0.003493
62.2874,0.003766
62.2921,0.004692
62.2948,0.002643
62.2990,0.004252
62.3023,0.003297
62.3067,0.004366
62.3102,0.003569
62.3137,0.003451
62.3171,0.003414
62.3205,0.003436
62.3252,0.004618
62.3279,0.002693
62.3314,0.003557
62.3347,0.003245
62.3381,0.003456
62.3437,0.005547
62.3457,0.002077
62.3495,0.003797
62.3527,0.003193
62.3573,0.004533
62.3602,0.002989
62.3636,0.003382
62.3673,0.003662
62.3705,0.003253
62.3752,0.004627
62.3783,0.003087
62.3814,0.003186
62.3847,0.003303
62.3886,0.003802
62.3933,0.004727
62.3963,0.003039
62.4002,0.003837
62.4033,0.003191
62.4079,0.004584
62.4111,0.003206
62.4143,0.003164
62.4177,0.003388
62.4213,0.003651
62.4260,0.004639
62.4289,0.002894
62.4325,0.003625
62.4423,0.009772
62.4490,0.006764
62.4562,0.007167
62.4701,0.013925
62.4724,0.002236
62.4752,0.002827
62.4771,0.001961
62.4791,0.001933
62.4813,0.002264
62.4829,0.001579
62.4865,0.003534
62.4918,0.005359
62.4944,0.002627
62.4983,0.003851
62.5012,0.002920
62.5048,0.003584
62.5091,0.004293
62.5121,0.003025
62.5156,0.003450
62.5188,0.003252
62.5235,0.004730
62.5269,0.003331
62.5302,0.003316
62.5336,0.003433
62.5377,0.004076
62.5422,0.004488
62.5447,0.002526
62.5482,0.003467
62.5524,0.004212
62.5567,0.004313
62.5601,0.003366
62.5630,0.002878
62.5663,0.003314
62.5697,0.003444
62.5749,0.005152
62.5775,0.002588
62.5812,0.003737
62.5847,0.003528
62.5880,0.003252
62.5936,0.005639
62.5957,0.002125
62.6001,0.004404
62.6029,0.002758
62.6074,0.004527
62.6104,0.002934
62.6141,0.003744
62.6176,0.003483
62.6211,0.003491
62.6257,0.004605
62.6284,0.002761
62.6317,0.003303
62.6351,0.003319
62.6396,0.004571
62.6433,0.003640
62.6464,0.003156
62.6498,0.003377
62.6533,0.003464
62.6576,0.004297
62.6610,0.003409
62.6643,0.003303
62.6675,0.003261
62.6713,0.003725
62.6759,0.004610
62.6787,0.002871
62.6824,0.003615
62.6856,0.003250
62.6901,0.004511
62.6935,0.003373
62.6970,0.003505
62.7009,0.003931
62.7045,0.003592
62.7092,0.004634
62.7122,0.003067
62.7156,0.003377
62.7188,0.003234
62.7234,0.004618
62.7268,0.003374
62.7301,0.003250
62.7336,0.003551
62.7370,0.003423
62.7426,0.005572
62.7449,0.002262
62.7483,0.003380
62.7515,0.003255
62.7550,0.003479
62.7605,0.005526
62.7629,0.002378
62.7661,0.003198
62.7696,0.003466
62.7748,0.005230
62.7773,0.002548
62.7808,0.003474
62.7842,0.003345
62.7879,0.003703
62.7926,0.004770
62.7952,0.002552
62.7993,0.004104
62.8027,0.003410
62.8071,0.004429
62.8104,0.003278
62.8139,0.003461
62.8172,0.003294
62.8211,0.003941
62.8254,0.004305
62.8281,0.002724
62.8317,0.003603
62.8349,0.003132
62.8387,0.003837
62.8434,0.004656
62.8462,0.002805
62.8495,0.003369
62.8537,0.004141
62.8583,0.004618
62.8610,0.002692
62.8646,0.003581
62.8680,0.003390
62.8714,0.003405
62.8770,0.005660
62.8788,0.001752
62.8822,0.003426
62.8856,0.003379
62.8904,0.004818
62.8935,0.003060
62.8967,0.003264
62.9014,0.004672
62.9041,0.002662
62.9085,0.004464
62.9114,0.002903
62.9146,0.003211
62.9180,0.003384
62.9222,0.004136
62.9268,0.004652
62.9291,0.002311
62.9328,0.003673
62.9360,0.003235
62.9406,0.004560
62.9439,0.003302
62.9472,0.003295
62.9508,0.003606
62.9544,0.003642
62.9588,0.004385
62.9617,0.002878
62.9651,0.003452
62.9684,0.003304
62.9728,0.004403
62.9767,0.003875
62.9801,0.003390
62.9834,0.003309
62.9870,0.003574
62.9918,0.004776
62.9949,0.003084
62.9980,0.003156
63.0020,0.003967
63.0049,0.002923
63.0111,0.006216
63.0130,0.001868
63.0163,0.003282
63.0196,0.003319
63.0247,0.005112
63.0275,0.002789
63.0308,0.003352
63.0343,0.003422
63.0378,0.003548
63.0430,0.005171
63.0454,0.002405
63.0488,0.003419
63.0522,0.003372
63.0570,0.004803
63.0603,0.003343
63.0636,0.003238
63.0670,0.003437
63.0706,0.003555
63.0751,0.004559
63.0779,0.002764
63.0814,0.003516
63.0846,0.003215
63.0888,0.004162
63.0939,0.005084
63.0956,0.001797
63.0990,0.003382
63.1041,0.005046
63.1078,0.003758
63.1109,0.003101
63.1143,0.003380
63.1177,0.003339
63.1213,0.003656
63.1269,0.005581
63.1288,0.001898
63.1322,0.003386
63.1356,0.003379
63.1404,0.004836
63.1434,0.003034
63.1468,0.003342
63.1504,0.003648
63.1538,0.003355
63.1586,0.004851
63.1613,0.002718
63.1645,0.003203
63.1679,0.003341
63.1716,0.003702
63.1765,0.004879
63.1790,0.002498
63.1827,0.003720
63.1859,0.003172
63.1905,0.004623
63.1938,0.003305
63.1970,0.003258
63.2009,0.003912
63.2058,0.004885
63.2103,0.004458
63.2122,0.001888
63.2158,0.003606
63.2189,0.003149
63.2236,0.004648
63.2270,0.003405
63.2303,0.003331
63.2336,0.003235
63.2371,0.003551
63.2422,0.005063
63.2448,0.002594
63.2483,0.003536
63.2516,0.003288
63.2553,0.003701
63.2600,0.004667
63.2632,0.003200
63.2665,0.003330
63.2700,0.003542
63.2747,0.004630
63.2776,0.002927
63.2816,0.004004
63.2845,0.002935
63.2879,0.003373
63.2936,0.005686
63.2954,0.001860
63.2987,0.003267
63.3023,0.003547
63.3084,0.006131
63.3110,0.002580
63.3141,0.003178
63.3175,0.003316
63.3212,0.003771
63.3262,0.004974
63.3290,0.002841
63.3325,0.003424
63.3356,0.003152
63.3404,0.004736
63.3437,0.003333
63.3469,0.003247
63.3504,0.003488
63.3540,0.003600
63.3594,0.005364
63.3616,0.002251
63.3650,0.003397
63.3683,0.003271
63.3732,0.004900
63.3766,0.003368
63.3796,0.003001
63.3833,0.003709
63.3868,0.003459
63.3916,0.004834
63.3942,0.002650
63.3977,0.003462
63.4010,0.003343
63.4051,0.004078
63.4109,0.005780
63.4126,0.001683
63.4158,0.003209
63.4191,0.003333
63.4242,0.005047
63.4269,0.002777
63.4304,0.003443
63.4338,0.003377
63.4376,0.003842
63.4423,0.004656
63.4448,0.002573
63.4483,0.003487
63.4517,0.003343
63.4556,0.003900
63.4599,0.004337
63.4632,0.003318
63.4669,0.003633
63.4702,0.003311
63.4748,0.004596
63.4774,0.002636
63.4810,0.003568
63.4843,0.003378
63.4877,0.003365
63.4941,0.006345
63.4958,0.001790
63.4988,0.002989
63.5022,0.003344
63.5078,0.005577
63.5105,0.002727
63.5135,0.003040
63.5170,0.003447
63.5204,0.003479
63.5250,0.004530
63.5276,0.002622
63.5313,0.003729
63.5348,0.003453
63.5382,0.003376
63.5435,0.005346
63.5460,0.002465
63.5493,0.003323
63.5528,0.003556
63.5575,0.004608
63.5605,0.003001
63.5639,0.003397
63.5671,0.003296
63.5710,0.003833
63.5758,0.004864
63.5785,0.002616
63.5821,0.003665
63.5853,0.003135
63.5898,0.004527
63.5934,0.003627
63.5966,0.003223
63.6000,0.003357
63.6037,0.003661
63.6104,0.006779
63.6122,0.001751
63.6156,0.003392
63.6187,0.003133
63.6234,0.004675
63.6267,0.003317
63.6298,0.003129
63.6333,0.003479
63.6368,0.003527
63.6427,0.005899
63.6445,0.001748
63.6478,0.003335
63.6511,0.003306
63.6546,0.003463
63.6601,0.005515
63.6622,0.002112
63.6654,0.003164
63.6688,0.003456
63.6736,0.004735
63.6766,0.002988
63.6800,0.003412
63.6836,0.003620
63.6871,0.003471
63.6917,0.004595
63.6944,0.002774
63.6976,0.003213
63.7011,0.003489
63.7049,0.003799
63.7110,0.006103
63.7130,0.001951
63.7165,0.003488
63.7197,0.003250
63.7243,0.004562
63.7274,0.003137
63.7307,0.003312
63.7341,0.003369
63.7377,0.003562
63.7432,0.005571
63.7451,0.001910
63.7487,0.003585
63.7521,0.003383
63.7565,0.004398
63.7599,0.003425
63.7639,0.003982
63.7667,0.002799
63.7702,0.003498
63.7747,0.004442
63.7773,0.002655
63.7809,0.003629
63.7842,0.003256
63.7877,0.003479
63.7938,0.006149
63.7956,0.001729
63.7985,0.002980
63.8020,0.003454
63.8069,0.004951
63.8111,0.004203
63.8137,0.002542
63.8170,0.003341
63.8203,0.003270
63.8251,0.004851
63.8280,0.002832
63.8313,0.003315
63.8346,0.003352
63.8395,0.004869
63.8430,0.003527
63.8460,0.002913
63.8496,0.003612
63.8528,0.003267
63.8582,0.005340
63.8612,0.003062
63.8643,0.003078
63.8676,0.003260
63.8720,0.004453
63.8769,0.004886
63.8787,0.001818
63.8823,0.003565
63.8855,0.003218
63.8902,0.004647
63.8935,0.003352
63.8968,0.003265
63.9001,0.003352
63.9039,0.003722
63.9086,0.004743
63.9122,0.003579
63.9150,0.002872
63.9182,0.003198
63.9223,0.004012
63.9266,0.004313
63.9294,0.002839
63.9330,0.003547
63.9363,0.003354
63.9412,0.004908
63.9439,0.002714
63.9473,0.003349
63.9508,0.003566
63.9544,0.003577
63.9588,0.004381
63.9619,0.003094
63.9653,0.003423
63.9686,0.003233
63.9733,0.004738
63.9766,0.003269
63.9799,0.003368
63.9837,0.003733
63.9873,0.003646
63.9923,0.004996
63.9948,0.002526
63.9983,0.003456
64.0015,0.003216
64.0053,0.003812
64.0105,0.005221
64.0135,0.002959
64.0166,0.003124
64.0199,0.003277
64.0248,0.004919
64.0276,0.002780
64.0319,0.004292
64.0356,0.003692
64.0393,0.003763
64.0433,0.003935
64.0466,0.003353
64.0499,0.003289
64.0606,0.010640
64.0674,0.006875
64.0756,0.008182
64.0885,0.012900
64.0924,0.003891
64.0942,0.001782
64.0961,0.001884
64.0976,0.001546
64.0997,0.002046
64.1012,0.001579
64.1043,0.003063
64.1114,0.007075
64.1137,0.002289
64.1158,0.002096
64.1192,0.003427
64.1243,0.005099
64.1271,0.002825
64.1305,0.003387
64.1339,0.003411
64.1376,0.003717
64.1433,0.005668
64.1456,0.002286
64.1485,0.002957
64.1518,0.003273
64.1568,0.004980
64.1601,0.003264
64.1634,0.003319
64.1667,0.003361
64.1703,0.003585
64.1749,0.004586
64.1774,0.002494
64.1811,0.003664
64.1843,0.003265
64.1878,0.003452
64.1935,0.005676
64.1953,0.001817
64.1986,0.003320
64.2023,0.003670
64.2068,0.004499
64.2099,0.003103
64.2142,0.004353
64.2173,0.003119
64.2208,0.003428
64.2252,0.004382
64.2282,0.003010
64.2314,0.003256
64.2348,0.003389
64.2396,0.004838
64.2430,0.003359
64.2462,0.003183
64.2501,0.003883
64.2533,0.003186
64.2578,0.004546
64.2609,0.003098
64.2643,0.003368
64.2676,0.003281
64.2712,0.003680
64.2765,0.005225
64.2784,0.001950
64.2821,0.003678
64.2853,0.003214
64.2898,0.004497
64.2934,0.003627
64.2967,0.003248
64.3009,0.004214
64.3045,0.003572
64.3100,0.005565
64.3121,0.002095
64.3166,0.004446
64.3192,0.002645
64.3237,0.004481
64.3271,0.003442
64.3304,0.003225
64.3337,0.003302
64.3374,0.003752
64.3423,0.004854
64.3448,0.002546
64.3484,0.003594
64.3516,0.003185
64.3556,0.004044
64.3598,0.004213
64.3631,0.003211
64.3664,0.003348
64.3700,0.003552
64.3761,0.006092
64.3779,0.001865
64.3814,0.003438
64.3845,0.003198
64.3880,0.003475
64.3935,0.005438
64.3957,0.002274
64.3990,0.003257
64.4025,0.003531
64.4074,0.004871
64.4101,0.002713
64.4138,0.003641
64.4179,0.004126
64.4215,0.003649
64.4264,0.004850
64.4290,0.002618
64.4322,0.003190
64.4356,0.003365
64.4403,0.004783
64.4435,0.003188
64.4468,0.003276
64.4506,0.003788
64.4538,0.003185
64.4583,0.004541
64.4615,0.003146
64.4646,0.003129
64.4680,0.003408
64.4725,0.004548
64.4761,0.003595
64.4793,0.003201
64.4831,0.003765
64.4862,0.003109
64.4908,0.004558
64.4939,0.003173
64.4971,0.003180
64.5010,0.003847
64.5045,0.003515
64.5100,0.005494
64.5118,0.001836
64.5163,0.004511
64.5187,0.002378
64.5234,0.004684
64.5267,0.003326
64.5301,0.003386
64.5334,0.003305
64.5369,0.003470
64.5420,0.005089
64.5443,0.002322
64.5479,0.003635
64.5512,0.003236
64.5545,0.003373
64.5599,0.005385
64.5623,0.002382
64.5655,0.003214
64.5689,0.003424
64.5737,0.004747
64.5767,0.003031
64.5804,0.003726
64.5840,0.003568
64.5871,0.003143
64.5922,0.005062
64.5951,0.002890
64.5982,0.003122
64.6017,0.003497
64.6065,0.004780
64.6096,0.003069
64.6133,0.003745
64.6176,0.004240
64.6209,0.003303
64.6257,0.004862
64.6286,0.002854
64.6318,0.003266
64.6352,0.003310
64.6402,0.005003
64.6433,0.003122
64.6465,0.003269
64.6501,0.003568
64.6534,0.003266
64.6580,0.004601
64.6610,0.003012
64.6642,0.003207
64.6676,0.003372
64.6712,0.003650
64.6762,0.004995
64.6785,0.002328
64.6821,0.003537
64.6854,0.003343
64.6899,0.004507
64.6932,0.003287
64.6965,0.003259
64.7000,0.003516
64.7035,0.003522
64.7082,0.004683
64.7108,0.002557
64.7142,0.003477
64.7185,0.004305
64.7225,0.003931
64.7264,0.003894
64.7295,0.003100
64.7330,0.003506
64.7365,0.003543
64.7411,0.004630
64.7440,0.002857
64.7477,0.003728
64.7509,0.003162
64.7543,0.003448
64.7601,0.005783
64.7620,0.001877
64.7651,0.003126
64.7685,0.003370
64.7733,0.004797
64.7764,0.003128
64.7799,0.003497
64.7835,0.003553
64.7867,0.003275
64.7915,0.004714
64.7943,0.002822
64.7975,0.003201
64.8009,0.003467
64.8045,0.003603
64.8098,0.005267
64.8120,0.002163
64.8160,0.004017
64.8194,0.003380
64.8240,0.004588
64.8272,0.003220
64.8304,0.003261
64.8337,0.003305
64.8375,0.003712
64.8422,0.004773
64.8449,0.002705
64.8484,0.003504
64.8517,0.003287
64.8567,0.004975
64.8600,0.003288
64.8633,0.003305
64.8667,0.003370
64.8702,0.003500
64.8773,0.007176
64.8795,0.002136
64.8821,0.002593
64.8852,0.003100
64.8901,0.004956
64.8934,0.003295
64.8966,0.003130
64.9001,0.003568
64.9036,0.003454
64.9080,0.004418
64.9108,0.002781
64.9143,0.003495
64.9181,0.003788
64.9220,0.003952
64.9267,0.004724
64.9291,0.002386
64.9324,0.003265
64.9368,0.004414
64.9417,0.004922
64.9445,0.002771
64.9479,0.003416
64.9520,0.004070
64.9579,0.005917
64.9627,0.004754
64.9645,0.001862
64.9673,0.002806
64.9709,0.003533
64.9774,0.006590
64.9792,0.001766
64.9826,0.003441
64.9860,0.003350
64.9916,0.005615
64.9945,0.002909
64.9973,0.002780
65.0008,0.003471
65.0045,0.003752
65.0099,0.005378
65.0123,0.002371
65.0158,0.003493
65.0196,0.003843
65.0240,0.004412
65.0274,0.003417
65.0309,0.003468
65.0341,0.003145
65.0377,0.003624
65.0436,0.005883
65.0458,0.002198
65.0494,0.003648
65.0532,0.003797
65.0576,0.004415
65.0607,0.003116
65.0639,0.003195
65.0673,0.003376
65.0710,0.003714
65.0758,0.004830
65.0785,0.002621
65.0821,0.003577
65.0852,0.003179
65.0899,0.004650
65.0933,0.003439
65.0966,0.003244
65.1000,0.003412
65.1035,0.003528
65.1091,0.005624
65.1113,0.002214
65.1148,0.003440
65.1181,0.003312
65.1237,0.005635
65.1267,0.002960
65.1298,0.003099
65.1333,0.003464
65.1367,0.003500
65.1416,0.004832
65.1440,0.002454
65.1475,0.003477
65.1509,0.003350
65.1546,0.003760
65.1604,0.005800
65.1623,0.001842
65.1655,0.003273
65.1690,0.003491
65.1736,0.004583
65.1765,0.002905
65.1800,0.003437
65.1837,0.003741
65.1868,0.003114
65.1916,0.004754
65.1944,0.002864
65.1979,0.003426
65.2020,0.004127
65.2067,0.004765
65.2096,0.002853
65.2133,0.003670
65.2171,0.003786
65.2212,0.004114
65.2253,0.004105
65.2282,0.002922
65.2315,0.003316
65.2348,0.003322
65.2397,0.004886
65.2427,0.003033
65.2464,0.003682
65.2500,0.003516
65.2532,0.003238
65.2579,0.004750
65.2609,0.002957
65.2640,0.003114
65.2674,0.003401
65.2711,0.003701
65.2765,0.005357
65.2784,0.001967
65.2819,0.003497
65.2851,0.003210
65.2897,0.004554
65.2932,0.003464
65.2964,0.003245
65.2997,0.003316
65.3034,0.003687
65.3081,0.004730
65.3113,0.003134
65.3148,0.003533
65.3179,0.003136
65.3235,0.005522
65.3276,0.004146
65.3294,0.001747
65.3326,0.003255
65.3360,0.003380
65.3412,0.005239
65.3438,0.002540
65.3471,0.003308
65.3506,0.003541
65.3543,0.003698
65.3601,0.005805
65.3619,0.001732
65.3652,0.003303
65.3684,0.003242
65.3732,0.004760
65.3764,0.003287
65.3797,0.003224
65.3833,0.003608
65.3870,0.003679
65.3915,0.004519
65.3941,0.002612
65.3976,0.003474
65.4009,0.003383
65.4053,0.004395
65.4103,0.004973
65.4127,0.002439
65.4158,0.003061
65.4194,0.003589
65.4259,0.006537
65.4277,0.001776
65.4310,0.003325
65.4346,0.003528
65.4390,0.004395
65.4429,0.003941
65.4455,0.002645
65.4491,0.003509
65.4525,0.003421
65.4571,0.004576
65.4602,0.003198
65.4635,0.003268
65.4670,0.003528
65.4707,0.003666
65.4753,0.004582
65.4780,0.002697
65.4819,0.003862
65.4849,0.003053
65.4891,0.004220
65.4930,0.003921
65.4964,0.003329
65.4998,0.003386
65.5034,0.003612
65.5080,0.004621
65.5108,0.002853
65.5143,0.003404
65.5175,0.003257
65.5212,0.003734
65.5276,0.006358
65.5294,0.001770
65.5326,0.003177
65.5359,0.003395
65.5406,0.004675
65.5448,0.004165
65.5475,0.002754
65.5518,0.004272
65.5563,0.004485
65.5610,0.004740
65.5633,0.002237
65.5665,0.003275
65.5700,0.003404
65.5753,0.005342
65.5780,0.002695
65.5816,0.003583
65.5852,0.003642
65.5899,0.004670
65.5932,0.003300
65.5967,0.003565
65.6001,0.003358
65.6037,0.003541
65.6090,0.005313
65.6115,0.002516
65.6147,0.003173
65.6180,0.003372
65.6236,0.005589
65.6271,0.003453
65.6298,0.002754
65.6334,0.003536
65.6365,0.003173
65.6415,0.005019
65.6442,0.002631
65.6473,0.003164
65.6508,0.003486
65.6548,0.003922
65.6596,0.004810
65.6622,0.002654
65.6655,0.003329
65.6688,0.003258
65.6733,0.004521
65.6766,0.003329
65.6879,0.011281
65.6974,0.009441
65.7114,0.014062
65.7132,0.001778
65.7151,0.001858
65.7166,0.001570
65.7184,0.001760
65.7199,0.001543
65.7265,0.006601
65.7284,0.001879
65.7318,0.003389
65.7350,0.003143
65.7399,0.004960
65.7431,0.003137
65.7463,0.003273
65.7500,0.003686
65.7532,0.003228
65.7578,0.004564
65.7610,0.003159
65.7645,0.003541
65.7678,0.003290
65.7725,0.004707
65.7760,0.003499
65.7792,0.003192
65.7826,0.003404
65.7859,0.003301
65.7905,0.004597
65.7938,0.003340
65.7970,0.003211
65.8004,0.003331
65.8041,0.003696
65.8087,0.004645
65.8116,0.002861
65.8151,0.003502
65.8183,0.003184
65.8232,0.004947
65.8276,0.004384
65.8300,0.002388
65.8332,0.003239
65.8367,0.003463
65.8422,0.005479
65.8444,0.002191
65.8476,0.003287
65.8512,0.003575
65.8558,0.004557
65.8593,0.003548
65.8624,0.003106
65.8659,0.003485
65.8692,0.003250
65.8742,0.005024
65.8771,0.002894
65.8804,0.003314
65.8838,0.003360
65.8875,0.003791
65.8933,0.005715
65.8950,0.001783
65.8984,0.003382
65.9018,0.003380
65.9063,0.004527
65.9099,0.003602
65.9132,0.003270
65.9171,0.003875
65.9210,0.003887
65.9264,0.005447
65.9292,0.002789
65.9328,0.003584
65.9360,0.003189
65.9406,0.004655
65.9438,0.003139
65.9469,0.003161
65.9509,0.003997
65.9542,0.003228
65.9586,0.004424
65.9615,0.002872
65.9659,0.004419
65.9686,0.002707
65.9731,0.004520
65.9764,0.003298
65.9798,0.003439
65.9833,0.003447
65.9868,0.003507
65.9917,0.004886
65.9944,0.002767
65.9979,0.003499
66.0011,0.003205
66.0050,0.003821
66.0096,0.004627
66.0126,0.003048
66.0159,0.003300
66.0192,0.003277
66.0248,0.005619
66.0287,0.003838
66.0309,0.002206
66.0344,0.003555
66.0377,0.003256
66.0431,0.005408
66.0459,0.002745
66.0488,0.002965
66.0522,0.003379
66.0573,0.005139
66.0601,0.002760
66.0637,0.003647
66.0672,0.003430
66.0705,0.003348
66.0753,0.004805
66.0783,0.002973
66.0815,0.003247
66.0848,0.003308
66.0903,0.005428
66.0930,0.002734
66.0964,0.003343
66.0997,0.003368
66.1034,0.003670
66.1079,0.004529
66.1105,0.002631
66.1141,0.003561
66.1176,0.003528
66.1217,0.004014
66.1274,0.005722
66.1292,0.001778
66.1328,0.003654
66.1362,0.003390
66.1411,0.004942
66.1437,0.002590
66.1470,0.003312
66.1509,0.003894
66.1541,0.003166
66.1598,0.005656
66.1619,0.002129
66.1651,0.003175
66.1685,0.003403
66.1733,0.004797
66.1762,0.002948
66.1795,0.003322
66.1835,0.003965
66.1867,0.003173
66.1918,0.005148
66.1945,0.002703
66.1978,0.003272
66.2011,0.003290
66.2056,0.004529
66.2092,0.003562
66.2128,0.003587
66.2162,0.003397
66.2192,0.003072
66.2240,0.004816
66.2274,0.003399
66.2307,0.003238
66.2340,0.003276
66.2376,0.003663
66.2430,0.005350
66.2451,0.002150
66.2486,0.003496
66.2519,0.003330
66.2564,0.004416
66.2599,0.003524
66.2633,0.003388
66.2666,0.003378
66.2703,0.003659
66.2751,0.004825
66.2776,0.002517
66.2812,0.003518
66.2844,0.003206
66.2882,0.003817
66.2929,0.004704
66.2956,0.002732
66.2989,0.003240
66.3026,0.003691
66.3076,0.004999
66.3102,0.002622
66.3136,0.003387
66.3170,0.003410
66.3207,0.003722
66.3275,0.006780
66.3300,0.002562
66.3326,0.002536
66.3358,0.003236
66.3413,0.005525
66.3439,0.002547
66.3471,0.003210
66.3506,0.003482
66.3544,0.003785
66.3594,0.005013
66.3618,0.002380
66.3652,0.003431
66.3686,0.003396
66.3732,0.004594
66.3765,0.003317
66.3797,0.003214
66.3834,0.003651
66.3869,0.003554
66.3915,0.004591
66.3942,0.002680
66.3979,0.003690
66.4011,0.003209
66.4049,0.003812
66.4093,0.004423
66.4127,0.003348
66.4159,0.003228
66.4192,0.003266
66.4246,0.005405
66.4276,0.003033
66.4313,0.003752
66.4347,0.003365
66.4387,0.004018
66.4428,0.004039
66.4464,0.003625
66.4497,0.003267
66.4532,0.003522
66.4582,0.004990
66.4606,0.002433
66.4638,0.003225
66.4673,0.003505
66.4710,0.003662
66.4761,0.005153
66.4784,0.002237
66.4819,0.003523
66.4851,0.003178
66.4897,0.004625
66.4931,0.003373
66.4964,0.003283
66.4998,0.003422
66.5032,0.003459
66.5079,0.004692
66.5106,0.002613
66.5140,0.003463
66.5173,0.003241
66.5209,0.003673
66.5266,0.005685
66.5289,0.002300
66.5324,0.003470
66.5357,0.003303
66.5416,0.005897
66.5438,0.002162
66.5471,0.003341
66.5509,0.003764
66.5546,0.003794
66.5595,0.004816
66.5615,0.002078
66.5650,0.003429
66.5682,0.003245
66.5729,0.004705
66.5764,0.003491
66.5798,0.003412
66.5837,0.003843
66.5875,0.003787
66.5929,0.005405
66.5948,0.001970
66.5984,0.003608
66.6018,0.003356
66.6065,0.004729
66.6100,0.003467
66.6133,0.003314
66.6167,0.003434
66.6203,0.003577
66.6249,0.004623
66.6278,0.002831
66.6325,0.004734
66.6352,0.002664
66.6397,0.004490
66.6432,0.003523
66.6464,0.003230
66.6499,0.003512
66.6534,0.003499
66.6579,0.004496
66.6607,0.002806
66.6643,0.003551
66.6675,0.003200
66.6713,0.003832
66.6762,0.004930
66.6790,0.002747
66.6823,0.003351
66.6856,0.003288
66.6905,0.004860
66.6932,0.002774
66.6970,0.003706
66.7005,0.003529
66.7038,0.003322
66.7085,0.004661
66.7117,0.003203
66.7148,0.003100
66.7182,0.003430
66.7230,0.004760
66.7262,0.003238
66.7299,0.003691
66.7340,0.004115
66.7372,0.003215
66.7433,0.006105
66.7457,0.002336
66.7483,0.002653
66.7518,0.003434
66.7566,0.004829
66.7597,0.003074
66.7633,0.003649
66.7668,0.003539
66.7701,0.003276
66.7751,0.004964
66.7780,0.002890
66.7811,0.003168
66.7845,0.003379
66.7899,0.005400
66.7927,0.002775
66.7959,0.003222
66.7992,0.003312
66.8030,0.003727
66.8075,0.004557
66.8102,0.002647
66.8137,0.003576
66.8169,0.003190
66.8206,0.003670
66.8264,0.005845
66.8281,0.001697
66.8319,0.003740
66.8351,0.003234
66.8397,0.004559
66.8427,0.003077
66.8460,0.003297
66.8504,0.004363
66.8533,0.002906
66.8580,0.004724
66.8608,0.002727
66.8639,0.003138
66.8676,0.003678
66.8719,0.004323
66.8760,0.004072
66.8785,0.002512
66.8824,0.003910
66.8854,0.003037
66.8899,0.004477
66.8932,0.003287
66.8964,0.003214
66.8999,0.003510
66.9036,0.003700
66.9081,0.004481
66.9109,0.002805
66.9145,0.003561
66.9177,0.003193
66.9221,0.004460
66.9259,0.003744
66.9292,0.003287
66.9337,0.004541
66.9365,0.002836
66.9413,0.004770
66.9438,0.002461
66.9475,0.003695
66.9508,0.003309
66.9542,0.003438
66.9596,0.005358
66.9621,0.002510
66.9652,0.003174
66.9687,0.003424
66.9735,0.004779
66.9764,0.002907
66.9797,0.003305
66.9834,0.003705
66.9866,0.003263
66.9914,0.004799
66.9944,0.003008
66.9976,0.003208
67.0011,0.003463
67.0058,0.004705
67.0095,0.003692
67.0125,0.003017
67.0160,0.003435
67.0192,0.003275
67.0245,0.005229
67.0273,0.002833
67.0306,0.003326
67.0353,0.004638
67.0391,0.003818
67.0426,0.003551
67.0455,0.002914
67.0490,0.003505
67.0524,0.003395
67.0577,0.005208
67.0605,0.002866
67.0637,0.003158
67.0670,0.003358
67.0709,0.003823
67.0766,0.005700
67.0783,0.001762
67.0818,0.003520
67.0851,0.003267
67.0902,0.005063
67.0937,0.003545
67.0969,0.003164
67.1003,0.003408
67.1042,0.003913
67.1084,0.004205
67.1114,0.002962
67.1149,0.003497
67.1185,0.003600
67.1229,0.004390
67.1262,0.003351
67.1295,0.003289
67.1337,0.004170
67.1373,0.003642
67.1420,0.004655
67.1445,0.002575
67.1481,0.003523
67.1515,0.003462
67.1561,0.004623
67.1597,0.003555
67.1630,0.003352
67.1665,0.003443
67.1700,0.003545
67.1745,0.004479
67.1772,0.002702
67.1817,0.004438
67.1843,0.002633
67.1886,0.004277
67.1928,0.004189
67.1954,0.002635
67.1988,0.003461
67.2024,0.003559
67.2070,0.004623
67.2098,0.002780
67.2134,0.003555
67.2167,0.003343
67.2204,0.003661
67.2249,0.004478
67.2282,0.003362
67.2314,0.003211
67.2351,0.003678
67.2397,0.004572
67.2429,0.003187
67.2463,0.003405
67.2495,0.003234
67.2532,0.003721
67.2580,0.004768
67.2606,0.002659
67.2641,0.003445
67.2673,0.003253
67.2712,0.003902
67.2767,0.005420
67.2787,0.002073
67.2821,0.003361
67.2854,0.003302
67.2906,0.005234
67.2933,0.002661
67.2966,0.003263
67.3085,0.011979
67.3157,0.007128
67.3225,0.006789
67.3409,0.018462
67.3436,0.002672
67.3458,0.002231
67.3484,0.002569
67.3505,0.002129
67.3523,0.001776
67.3544,0.002096
67.3573,0.002864
67.3597,0.002470
67.3633,0.003561
67.3668,0.003510
67.3701,0.003289
67.3748,0.004741
67.3777,0.002913
67.3810,0.003278
67.3845,0.003493
67.3894,0.004927
67.3926,0.003167
67.3960,0.003348
67.3996,0.003610
67.4029,0.003326
67.4075,0.004610
67.4105,0.002955
67.4137,0.003260
67.4172,0.003516
67.4217,0.004419
67.4258,0.004116
67.4283,0.002575
67.4322,0.003864
67.4358,0.003606
67.4405,0.004696
67.4435,0.003013
67.4471,0.003573
67.4508,0.003729
67.4544,0.003625
67.4582,0.003729
67.4612,0.003020
67.4648,0.003596
67.4680,0.003216
67.4726,0.004636
67.4760,0.003377
67.4794,0.003349
67.4829,0.003511
67.4864,0.003529
67.4910,0.004546
67.4939,0.002929
67.4973,0.003446
67.5005,0.003187
67.5039,0.003426
67.5095,0.005603
67.5118,0.002254
67.5150,0.003212
67.5184,0.003343
67.5231,0.004769
67.5261,0.003012
67.5295,0.003350
67.5333,0.003828
67.5370,0.003672
67.5422,0.005259
67.5448,0.002528
67.5480,0.003193
67.5515,0.003498
67.5569,0.005386
67.5593,0.002475
67.5627,0.003423
67.5661,0.003326
67.5697,0.003582
67.5745,0.004795
67.5772,0.002701
67.5810,0.003850
67.5841,0.003100
67.5881,0.003982
67.5927,0.004641
67.5954,0.002638
67.5987,0.003331
67.6024,0.003708
67.6070,0.004595
67.6098,0.002755
67.6131,0.003382
67.6167,0.003580
67.6203,0.003611
67.6247,0.004387
67.6277,0.002945
67.6313,0.003633
67.6346,0.003290
67.6398,0.005211
67.6436,0.003825
67.6463,0.002722
67.6497,0.003326
67.6535,0.003823
67.6580,0.004560
67.6607,0.002693
67.6643,0.003584
67.6675,0.003143
67.6714,0.003929
67.6760,0.004573
67.6787,0.002770
67.6822,0.003446
67.6855,0.003334
67.6903,0.004791
67.6932,0.002842
67.6966,0.003443
67.6999,0.003280
67.7036,0.003747
67.7080,0.004391
67.7109,0.002932
67.7145,0.003567
67.7177,0.003218
67.7224,0.004646
67.7260,0.003583
67.7293,0.003302
67.7328,0.003569
67.7364,0.003535
67.7426,0.006253
67.7446,0.002009
67.7484,0.003754
67.7515,0.003161
67.7560,0.004447
67.7595,0.003514
67.7628,0.003274
67.7662,0.003418
67.7698,0.003606
67.7744,0.004654
67.7772,0.002735
67.7809,0.003745
67.7840,0.003095
67.7875,0.003505
67.7927,0.005127
67.7953,0.002592
67.7987,0.003425
67.8021,0.003405
67.8068,0.004743
67.8096,0.002804
67.8132,0.003601
67.8169,0.003636
67.8201,0.003260
67.8250,0.004840
67.8279,0.002898
67.8311,0.003253
67.8344,0.003329
67.8395,0.005020
67.8435,0.004043
67.8462,0.002664
67.8496,0.003468
67.8531,0.003451
67.8578,0.004666
67.8608,0.003062
67.8640,0.003145
67.8674,0.003395
67.8724,0.005053
67.8757,0.003298
67.8788,0.003050
67.8823,0.003574
67.8856,0.003271
67.8901,0.004500
67.8933,0.003173
67.8966,0.003285
67.8999,0.003380
67.9036,0.003624
67.9081,0.004518
67.9109,0.002859
67.9145,0.003513
67.9178,0.003315
67.9223,0.004539
67.9258,0.003506
67.9291,0.003246
67.9330,0.003930
67.9366,0.003563
67.9418,0.005288
67.9445,0.002603
67.9481,0.003621
67.9514,0.003306
67.9557,0.004358
67.9594,0.003640
67.9626,0.003191
67.9660,0.003449
67.9695,0.003534
67.9743,0.004749
67.9770,0.002691
67.9807,0.003735
67.9839,0.003167
67.9879,0.003959
67.9926,0.004763
67.9954,0.002776
67.9986,0.003182
68.0020,0.003423
68.0066,0.004627
68.0095,0.002865
68.0131,0.003640
68.0167,0.003563
68.0200,0.003320
68.0252,0.005201
68.0281,0.002898
68.0313,0.003220
68.0346,0.003269
68.0394,0.004804
68.0438,0.004355
68.0462,0.002455
68.0497,0.003466
68.0532,0.003492
68.0587,0.005550
68.0610,0.002265
68.0641,0.003132
68.0675,0.003416
68.0721,0.004538
68.0758,0.003683
68.0788,0.003001
68.0823,0.003585
68.0855,0.003164
68.0910,0.005519
68.0937,0.002719
68.0969,0.003163
68.1003,0.003408
68.1050,0.004655
68.1099,0.004901
68.1122,0.002309
68.1152,0.003012
68.1185,0.003288
68.1231,0.004572
68.1263,0.003242
68.1296,0.003293
68.1332,0.003655
68.1368,0.003592
68.1418,0.004942
68.1453,0.003545
68.1482,0.002830
68.1514,0.003261
68.1559,0.004532
68.1594,0.003404
68.1628,0.003404
68.1663,0.003565
68.1699,0.003550
68.1744,0.004516
68.1771,0.002719
68.1807,0.003566
68.1840,0.003321
68.1877,0.003705
68.1924,0.004750
68.1952,0.002800
68.1986,0.003377
68.2021,0.003488
68.2068,0.004643
68.2096,0.002818
68.2133,0.003711
68.2167,0.003425
68.2200,0.003279
68.2247,0.004750
68.2279,0.003168
68.2313,0.003403
68.2346,0.003338
68.2394,0.004711
68.2430,0.003679
68.2465,0.003468
68.2499,0.003404
68.2532,0.003327
68.2581,0.004862
68.2611,0.002991
68.2642,0.003154
68.2676,0.003398
68.2724,0.004769
68.2758,0.003357
68.2791,0.003351
68.2827,0.003598
68.2861,0.003342
68.2908,0.004738
68.2938,0.002958
68.2969,0.003142
68.3002,0.003342
68.3041,0.003831
68.3092,0.005091
68.3116,0.002402
68.3149,0.003370
68.3182,0.003225
68.3229,0.004790
68.3262,0.003300
68.3294,0.003174
68.3330,0.003608
68.3365,0.003501
68.3412,0.004693
68.3448,0.003596
68.3475,0.002659
68.3508,0.003320
68.3549,0.004092
68.3593,0.004453
68.3626,0.003278
68.3659,0.003294
68.3695,0.003598
68.3742,0.004723
68.3768,0.002562
68.3804,0.003604
68.3836,0.003205
68.3875,0.003880
68.3927,0.005214
68.3949,0.002217
68.3982,0.003235
68.4016,0.003501
68.4063,0.004667
68.4095,0.003201
68.4129,0.003394
68.4166,0.003641
68.4199,0.003380
68.4247,0.004768
68.4277,0.002981
68.4310,0.003323
68.4346,0.003617
68.4394,0.004743
68.4427,0.003290
68.4467,0.004050
68.4500,0.003282
68.4533,0.003277
68.4578,0.004512
68.4610,0.003187
68.4642,0.003200
68.4675,0.003340
68.4725,0.004990
68.4754,0.002952
68.4788,0.003381
68.4827,0.003869
68.4859,0.003245
68.4908,0.004852
68.4936,0.002775
68.4972,0.003595
68.5004,0.003257
68.5039,0.003520
68.5089,0.004912
68.5114,0.002565
68.5148,0.003417
68.5181,0.003302
68.5227,0.004613
68.5260,0.003298
68.5293,0.003286
68.5330,0.003674
68.5366,0.003581
68.5411,0.004532
68.5441,0.002957
68.5485,0.004372
68.5513,0.002822
68.5559,0.004580
68.5595,0.003617
68.5625,0.003053
68.5659,0.003345
68.5695,0.003633
68.5743,0.004766
68.5769,0.002610
68.5805,0.003670
68.5838,0.003208
68.5873,0.003538
68.5929,0.005617
68.5950,0.002119
68.5983,0.003259
68.6018,0.003462
68.6068,0.005022
68.6095,0.002744
68.6132,0.003670
68.6167,0.003476
68.6201,0.003451
68.6249,0.004830
68.6279,0.002910
68.6311,0.003270
68.6345,0.003355
68.6394,0.004886
68.6427,0.003299
68.6464,0.003782
68.6500,0.003518
68.6537,0.003771
68.6579,0.004210
68.6610,0.003053
68.6641,0.003128
68.6676,0.003479
68.6724,0.004843
68.6755,0.003001
68.6789,0.003446
68.6825,0.003620
68.6859,0.003359
68.6905,0.004587
68.6934,0.002982
68.6967,0.003261
68.7001,0.003409
68.7037,0.003552
68.7091,0.005446
68.7114,0.002276
68.7147,0.003302
68.7180,0.003315
68.7226,0.004574
68.7259,0.003323
68.7291,0.003197
68.7327,0.003570
68.7362,0.003526
68.7408,0.004659
68.7435,0.002684
68.7481,0.004569
68.7504,0.002348
68.7539,0.003413
68.7591,0.005200
68.7616,0.002502
68.7648,0.003216
68.7681,0.003343
68.7729,0.004812
68.7760,0.003076
68.7796,0.003573
68.7834,0.003779
68.7867,0.003310
68.7915,0.004859
68.7945,0.002988
68.7977,0.003140
68.8014,0.003732
68.8061,0.004660
68.8091,0.003021
68.8127,0.003606
68.8162,0.003518
68.8195,0.003267
68.8246,0.005168
68.8274,0.002727
68.8305,0.003178
68.8339,0.003371
68.8389,0.004970
68.8422,0.003294
68.8453,0.003149
68.8499,0.004589
68.8526,0.002720
68.8572,0.004574
68.8601,0.002850
68.8634,0.003386
68.8667,0.003247
68.8703,0.003651
68.8756,0.005262
68.8776,0.002017
68.8812,0.003541
68.8844,0.003193
68.8890,0.004683
68.8925,0.003476
68.8957,0.003214
68.8992,0.003452
68.9030,0.003803
68.9073,0.004333
68.9100,0.002723
68.9136,0.003519
68.9168,0.003272
68.9204,0.003525
68.9258,0.005440
68.9373,0.011512
68.9465,0.009214
68.9620,0.015485
68.9639,0.001934
68.9661,0.002153
68.9680,0.001888
68.9698,0.001872
68.9724,0.002505
68.9758,0.003458
68.9779,0.002091
68.9818,0.003887
68.9852,0.003388
68.9896,0.004385
68.9927,0.003165
68.9966,0.003907
68.9996,0.002999
69.0032,0.003607
69.0082,0.005001
69.0109,0.002681
69.0144,0.003463
69.0177,0.003273
69.0225,0.004885
69.0265,0.004007
69.0346,0.008068
69.0417,0.007038
69.0496,0.007972
69.0542,0.004619
69.0605,0.006247
69.0638,0.003338
69.0659,0.002026
69.0677,0.001824
69.0693,0.001636
69.0732,0.003922
69.0761,0.002840
69.0794,0.003309
69.0831,0.003666
69.0864,0.003297
69.0918,0.005470
69.0943,0.002434
69.0974,0.003136
69.1009,0.003498
69.1061,0.005191
69.1089,0.002856
69.1124,0.003438
69.1159,0.003497
69.1192,0.003291
69.1242,0.005068
69.1269,0.002648
69.1300,0.003154
69.1334,0.003342
69.1373,0.003890
69.1431,0.005795
69.1450,0.001942
69.1484,0.003386
69.1530,0.004574
69.1571,0.004180
69.1604,0.003250
69.1635,0.003099
69.1672,0.003674
69.1707,0.003563
69.1755,0.004746
69.1780,0.002560
69.1817,0.003623
69.1850,0.003313
69.1895,0.004476
69.1928,0.003317
69.1961,0.003292
69.1996,0.003513
69.2033,0.003752
69.2077,0.004413
69.2107,0.002971
69.2143,0.003588
69.2175,0.003222
69.2222,0.004640
69.2257,0.003585
69.2290,0.003244
69.2324,0.003376
69.2359,0.003564
69.2407,0.004770
69.2433,0.002638
69.2469,0.003615
69.2507,0.003740
69.2551,0.004392
69.2592,0.004073
69.2624,0.003265
69.2657,0.003277
69.2694,0.003740
69.2740,0.004521
69.2768,0.002844
69.2802,0.003382
69.2834,0.003222
69.2868,0.003430
69.2927,0.005911
69.2946,0.001826
69.2978,0.003200
69.3013,0.003497
69.3060,0.004753
69.3092,0.003156
69.3126,0.003413
69.3161,0.003497
69.3196,0.003504
69.3243,0.004722
69.3271,0.002750
69.3303,0.003214
69.3337,0.003384
69.3390,0.005294
69.3436,0.004640
69.3454,0.001764
69.3488,0.003434
69.3533,0.004533
69.3574,0.004065
69.3602,0.002818
69.3635,0.003272
69.3670,0.003480
69.3708,0.003803
69.3756,0.004820
69.3779,0.002359
69.3816,0.003634
69.3849,0.003331
69.3892,0.004337
69.3926,0.003390
69.3959,0.003230
69.3994,0.003540
69.4030,0.003606
69.4075,0.004442
69.4103,0.002867
69.4141,0.003729
69.4172,0.003115
69.4213,0.004102
69.4257,0.004473
69.4285,0.002748
69.4320,0.003514
69.4354,0.003351
69.4404,0.005010
69.4430,0.002649
69.4466,0.003632
69.4506,0.003921
69.4557,0.005140
69.4588,0.003086
69.4628,0.003993
69.4660,0.003226
69.4694,0.003402
69.4749,0.005515
69.4771,0.002191
69.4804,0.003237
69.4837,0.003300
69.4880,0.004339
69.4920,0.004011
69.4950,0.003035
69.4989,0.003835
69.5022,0.003308
69.5070,0.004849
69.5099,0.002888
69.5133,0.003369
69.5166,0.003335
69.5205,0.003830
69.5258,0.005327
69.5277,0.001952
69.5313,0.003607
69.5345,0.003198
69.5392,0.004643
69.5427,0.003491
69.5459,0.003263
69.5493,0.003395
69.5535,0.004160
69.5581,0.004632
69.5609,0.002781
69.5644,0.003484
69.5676,0.003253
69.5723,0.004677
69.5757,0.003415
69.5792,0.003476
69.5829,0.003704
69.5868,0.003848
69.5913,0.004577
69.5941,0.002759
69.5978,0.003686
69.6011,0.003344
69.6055,0.004422
69.6090,0.003413
69.6123,0.003350
69.6157,0.003424
69.6195,0.003790
69.6241,0.004572
69.6268,0.002702
69.6301,0.003300
69.6334,0.003314
69.6368,0.003366
69.6425,0.005680
69.6443,0.001861
69.6478,0.003492
69.6512,0.003410
69.6571,0.005923
69.6595,0.002404
69.6633,0.003731
69.6666,0.003333
69.6703,0.003669
69.6755,0.005179
69.6775,0.002058
69.6813,0.003739
69.6845,0.003213
69.6890,0.004504
69.6926,0.003601
69.6960,0.003445
69.6994,0.003353
69.7030,0.003665
69.7075,0.004438
69.7104,0.002951
69.7139,0.003445
69.7172,0.003290
69.7211,0.003979
69.7254,0.004274
69.7285,0.003059
69.7319,0.003396
69.7351,0.003267
69.7397,0.004558
69.7428,0.003113
69.7462,0.003385
69.7498,0.003598
69.7537,0.003866
69.7586,0.004937
69.7614,0.002855
69.7646,0.003178
69.7679,0.003322
69.7728,0.004832
69.7757,0.002928
69.7794,0.003716
69.7829,0.003498
69.7861,0.003222
69.7919,0.005739
69.7942,0.002274
69.7973,0.003107
69.8008,0.003505
69.8058,0.005014
69.8088,0.003056
69.8121,0.003261
69.8156,0.003545
69.8189,0.003237
69.8233,0.004442
69.8265,0.003124
69.8297,0.003266
69.8333,0.003586
69.8370,0.003661
69.8422,0.005253
69.8441,0.001921
69.8476,0.003465
69.8511,0.003550
69.8562,0.005094
69.8596,0.003327
69.8624,0.002866
69.8657,0.003280
69.8691,0.003401
69.8742,0.005110
69.8765,0.002283
69.8798,0.003257
69.8834,0.003675
69.8870,0.003553
69.8921,0.005130
69.8944,0.002274
69.8978,0.003452
69.9011,0.003295
69.9055,0.004396
69.9090,0.003413
69.9123,0.003360
69.9160,0.003646
69.9193,0.003383
69.9240,0.004697
69.9266,0.002523
69.9305,0.003952
69.9337,0.003134
69.9371,0.003416
69.9423,0.005230
69.9448,0.002502
69.9483,0.003455
69.9516,0.003368
69.9579,0.006260
69.9600,0.002105
69.9634,0.003443
69.9668,0.003346
69.9706,0.003825
69.9756,0.005047
69.9778,0.002193
69.9815,0.003647
69.9847,0.003200
69.9891,0.004447
69.9926,0.003456
69.9958,0.003210
69.9992,0.003418
70.0029,0.003732
70.0074,0.004469
70.0104,0.003013
70.0139,0.003436
70.0171,0.003192
70.0209,0.003793
70.0272,0.006366
70.0303,0.003120
70.0331,0.002766
70.0360,0.002917
70.0415,0.005434
70.0436,0.002183
70.0469,0.003270
70.0504,0.003454
70.0549,0.004537
70.0608,0.005861
70.0628,0.002013
70.0662,0.003393
70.0697,0.003511
70.0750,0.005355
70.0773,0.002273
70.0806,0.003267
70.0839,0.003275
70.0900,0.006161
70.0931,0.003127
70.0951,0.001985
70.0985,0.003421
70.1022,0.003683
70.1066,0.004397
70.1096,0.002949
70.1134,0.003800
70.1165,0.003176
70.1202,0.003659
70.1260,0.005807
70.1277,0.001726
70.1309,0.003186
70.1344,0.003431
70.1390,0.004691
70.1422,0.003146
70.1455,0.003320
70.1492,0.003641
70.1527,0.003535
70.1597,0.007047
70.1615,0.001785
70.1649,0.003384
70.1684,0.003470
70.1730,0.004665
70.1759,0.002878
70.1795,0.003634
70.1832,0.003683
70.1865,0.003298
70.1914,0.004829
70.1944,0.003017
70.1976,0.003255
70.2010,0.003389
70.2057,0.004679
70.2088,0.003090
70.2124,0.003572
70.2159,0.003507
70.2191,0.003237
70.2239,0.004772
70.2267,0.002771
70.2299,0.003287
70.2335,0.003549
70.2371,0.003598
70.2423,0.005244
70.2450,0.002689
70.2484,0.003412
70.2517,0.003297
70.2571,0.005336
70.2611,0.003999
70.2635,0.002484
70.2668,0.003287
70.2708,0.003969
70.2760,0.005159
70.2782,0.002224
70.2814,0.003265
70.2848,0.003392
70.2899,0.005089
70.2928,0.002909
70.2960,0.003201
70.2994,0.003391
70.3032,0.003794
70.3079,0.004667
70.3108,0.002866
70.3143,0.003508
70.3175,0.003262
70.3222,0.004687
70.3256,0.003350
70.3289,0.003310
70.3322,0.003374
70.3359,0.003666
70.3416,0.005686
70.3435,0.001947
70.3470,0.003488
70.3503,0.003251
70.3548,0.004470
70.3605,0.005766
70.3623,0.001744
70.3653,0.003041
70.3687,0.003368
70.3737,0.005030
70.3762,0.002535
70.3799,0.003616
70.3833,0.003446
70.3873,0.003994
70.3921,0.004821
70.3944,0.002241
70.3978,0.003488
70.4012,0.003334
70.4056,0.004371
70.4089,0.003370
70.4125,0.003540
70.4162,0.003721
70.4198,0.003584
70.4243,0.004570
70.4271,0.002794
70.4307,0.003531
70.4339,0.003238
70.4384,0.004490
70.4421,0.003759
70.4454,0.003259
70.4489,0.003452
70.4525,0.003614
70.4578,0.005325
70.4606,0.002833
70.4643,0.003667
70.4677,0.003393
70.4723,0.004599
70.4756,0.003353
70.4793,0.003665
70.4826,0.003261
70.4859,0.003364
70.4904,0.004510
70.4932,0.002751
70.4967,0.003499
70.5000,0.003284
70.5034,0.003432
70.5092,0.005818
70.5113,0.002099
70.5145,0.003185
70.5179,0.003367
70.5227,0.004859
70.5257,0.002926
70.5290,0.003347
70.5327,0.003725
70.5359,0.003198
70.5410,0.005037
70.5438,0.002811
70.5470,0.003188
70.5504,0.003406
70.5550,0.004602
70.5597,0.004675
70.5621,0.002455
70.5731,0.010950
70.5812,0.008170
70.5896,0.008345
70.6071,0.017575
70.6099,0.002705
70.6116,0.001715
70.6134,0.001796
70.6152,0.001853
70.6176,0.002353
70.6191,0.001556
70.6235,0.004400
70.6262,0.002701
70.6296,0.003404
70.6332,0.003612
70.6368,0.003580
70.6421,0.005243
70.6442,0.002167
70.6478,0.003577
70.6513,0.003516
70.6567,0.005341
70.6612,0.004574
70.6631,0.001835
70.6661,0.003035
70.6694,0.003319
70.6746,0.005186
70.6769,0.002299
70.6810,0.004074
70.6838,0.002840
70.6884,0.004564
70.6921,0.003690
70.6949,0.002812
70.6984,0.003543
70.7018,0.003328
70.7062,0.004415
70.7095,0.003298
70.7129,0.003464
70.7162,0.003290
70.7200,0.003741
70.7247,0.004752
70.7278,0.003048
70.7310,0.003271
70.7342,0.003135
70.7386,0.004465
70.7422,0.003607
70.7456,0.003354
70.7490,0.003371
70.7526,0.003613
70.7573,0.004697
70.7608,0.003570
70.7635,0.002683
70.7667,0.003209
70.7702,0.003433
70.7756,0.005452
70.7778,0.002198
70.7812,0.003426
70.7845,0.003264
70.7894,0.004865
70.7925,0.003155
70.7958,0.003271
70.7994,0.003589
70.8027,0.003344
70.8076,0.004901
70.8104,0.002795
70.8136,0.003160
70.8170,0.003402
70.8216,0.004596
70.8251,0.003553
70.8282,0.003056
70.8317,0.003540
70.8352,0.003456
70.8398,0.004647
70.8430,0.003181
70.8461,0.003082
70.8496,0.003446
70.8535,0.003951
70.8591,0.005572
70.8618,0.002712
70.8646,0.002811
70.8678,0.003229
70.8725,0.004641
70.8758,0.003328
70.8790,0.003197
70.8826,0.003613
70.8861,0.003451
70.8904,0.004345
70.8934,0.002978
70.8970,0.003598
70.9003,0.003327
70.9043,0.003977
70.9087,0.004382
70.9116,0.002940
70.9149,0.003338
70.9184,0.003441
70.9233,0.004874
70.9260,0.002751
70.9294,0.003441
70.9329,0.003474
70.9366,0.003644
70.9420,0.005452
70.9441,0.002100
70.9475,0.003415
70.9508,0.003301
70.9552,0.004405
70.9589,0.003650
70.9634,0.004557
70.9661,0.002693
70.9697,0.003572
70.9746,0.004909
70.9775,0.002904
70.9811,0.003558
70.9843,0.003193
70.9889,0.004629
70.9925,0.003630
70.9961,0.003536
70.9992,0.003144
71.0029,0.003681
71.0080,0.005130
71.0103,0.002304
71.0138,0.003438
71.0170,0.003236
71.0218,0.004835
71.0259,0.004020
71.0283,0.002443
71.0318,0.003472
71.0352,0.003384
71.0402,0.005003
71.0428,0.002636
71.0461,0.003317
71.0496,0.003456
71.0535,0.003903
71.0585,0.005045
71.0613,0.002764
71.0650,0.003711
71.0683,0.003324
71.0730,0.004687
71.0761,0.003067
71.0793,0.003271
71.0831,0.003734
71.0866,0.003483
71.0921,0.005490
71.0939,0.001880
71.0974,0.003492
71.1007,0.003319
71.1053,0.004588
71.1088,0.003423
71.1122,0.003434
71.1157,0.003483
71.1192,0.003543
71.1238,0.004565
71.1265,0.002688
71.1302,0.003760
71.1334,0.003151
71.1368,0.003400
71.1422,0.005419
71.1445,0.002264
71.1479,0.003431
71.1512,0.003338
71.1558,0.004527
71.1589,0.003120
71.1634,0.004544
71.1671,0.003684
71.1703,0.003242
71.1754,0.005026
71.1781,0.002764
71.1814,0.003241
71.1847,0.003307
71.1893,0.004591
71.1925,0.003199
71.1957,0.003269
71.1994,0.003653
71.2027,0.003282
71.2075,0.004819
71.2104,0.002893
71.2136,0.003186
71.2170,0.003437
71.2222,0.005196
71.2253,0.003136
71.2283,0.002995
71.2320,0.003672
71.2352,0.003214
71.2401,0.004890
71.2431,0.003010
71.2463,0.003169
71.2497,0.003397
71.2536,0.003857
71.2587,0.005154
71.2610,0.002303
71.2656,0.004631
71.2682,0.002514
71.2729,0.004792
71.2760,0.003084
71.2792,0.003201
71.2828,0.003578
71.2867,0.003925
71.2920,0.005304
71.2940,0.001976
71.2975,0.003445
71.3010,0.003496
71.3053,0.004393
71.3087,0.003346
71.3120,0.003331
71.3155,0.003503
71.3191,0.003530
71.3240,0.004934
71.3263,0.002307
71.3299,0.003614
71.3335,0.003616
71.3373,0.003738
71.3421,0.004831
71.3446,0.002477
71.3480,0.003409
71.3515,0.003496
71.3561,0.004572
71.3589,0.002878
71.3626,0.003680
71.3668,0.004183
71.3700,0.003179
71.3753,0.005317
71.3778,0.002469
71.3811,0.003349
71.3844,0.003283
71.3891,0.004685
71.3922,0.003146
71.3957,0.003437
71.3991,0.003479
71.4024,0.003315
71.4069,0.004494
71.4101,0.003193
71.4133,0.003196
71.4168,0.003460
71.4211,0.004312
71.4255,0.004390
71.4284,0.002892
71.4316,0.003252
71.4348,0.003200
71.4395,0.004620
71.4429,0.003401
71.4459,0.003028
71.4492,0.003356
71.4532,0.003979
71.4577,0.004517
71.4604,0.002663
71.4643,0.003928
71.4676,0.003232
71.4722,0.004686
71.4757,0.003440
71.4791,0.003425
71.4826,0.003460
71.4862,0.003597
71.4910,0.004853
71.4936,0.002628
71.4971,0.003485
71.5005,0.003384
71.5052,0.004695
71.5089,0.003642
71.5120,0.003185
71.5153,0.003261
71.5191,0.003768
71.5241,0.004992
71.5262,0.002150
71.5298,0.003540
71.5331,0.003374
71.5366,0.003523
71.5420,0.005313
71.5443,0.002324
71.5476,0.003293
71.5512,0.003588
71.5557,0.004562
71.5587,0.002994
71.5624,0.003692
71.5677,0.005252
71.5701,0.002458
71.5754,0.005286
71.5777,0.002291
71.5814,0.003690
71.5845,0.003117
71.5893,0.004753
71.5923,0.003046
71.5956,0.003322
71.5994,0.003754
71.6027,0.003347
71.6077,0.004932
71.6105,0.002830
71.6137,0.003162
71.6170,0.003362
71.6220,0.005018
71.6251,0.003081
71.6286,0.003460
71.6323,0.003735
71.6355,0.003224
71.6401,0.004563
71.6431,0.003043
71.6463,0.003123
71.6497,0.003451
71.6535,0.003788
71.6584,0.004861
71.6610,0.002633
71.6649,0.003876
71.6683,0.003428
71.6732,0.004920
71.6763,0.003033
71.6795,0.003284
71.6832,0.003633
71.6869,0.003728
71.6920,0.005078
71.6944,0.002433
71.6978,0.003410
71.7011,0.003329
71.7059,0.004752
71.7091,0.003225
71.7125,0.003329
71.7158,0.003306
71.7195,0.003695
71.7240,0.004580
71.7267,0.002696
71.7302,0.003478
71.7335,0.003316
71.7378,0.004301
71.7418,0.003957
71.7450,0.003243
71.7485,0.003455
71.7521,0.003611
71.7563,0.004240
71.7594,0.003110
71.7629,0.003478
71.7671,0.004182
71.7699,0.002810
71.7757,0.005832
71.7775,0.001732
71.7808,0.003317
71.7843,0.003477
71.7888,0.004541
71.7919,0.003088
71.7953,0.003402
71.7990,0.003693
71.8023,0.003326
71.8069,0.004622
71.8098,0.002827
71.8132,0.003422
71.8167,0.003497
71.8206,0.003864
71.8252,0.004614
71.8278,0.002676
71.8315,0.003666
71.8347,0.003173
71.8392,0.004474
71.8426,0.003399
71.8457,0.003193
71.8492,0.003406
71.8531,0.003906
71.8573,0.004255
71.8604,0.003079
71.8639,0.003465
71.8676,0.003767
71.8722,0.004530
71.8755,0.003361
71.8787,0.003201
71.8822,0.003466
71.8856,0.003423
71.8902,0.004622
71.8930,0.002766
71.8964,0.003423
71.8997,0.003286
71.9033,0.003595
71.9087,0.005441
71.9112,0.002453
71.9144,0.003163
71.9177,0.003380
71.9228,0.005108
71.9257,0.002808
71.9290,0.003353
71.9328,0.003791
71.9360,0.003215
71.9410,0.005002
71.9438,0.002829
71.9470,0.003164
71.9505,0.003465
71.9554,0.004940
71.9584,0.003021
71.9620,0.003563
71.9654,0.003413
71.9694,0.004015
71.9741,0.004709
71.9767,0.002611
71.9800,0.003274
71.9834,0.003435
71.9885,0.005087
71.9918,0.003256
71.9946,0.002780
71.9979,0.003348
72.0017,0.003754
72.0059,0.004184
72.0088,0.002990
72.0125,0.003682
72.0160,0.003478
72.0198,0.003817
72.0249,0.005031
72.0273,0.002455
72.0308,0.003458
72.0350,0.004205
72.0393,0.004350
72.0424,0.003046
72.0459,0.003551
72.0493,0.003381
72.0529,0.003576
72.0577,0.004780
72.0603,0.002625
72.0638,0.003513
72.0671,0.003286
72.0737,0.006597
72.0757,0.002043
72.0794,0.003710
72.0826,0.003205
72.0863,0.003623
72.0910,0.004736
72.0938,0.002769
72.0973,0.003563
72.1007,0.003405
72.1052,0.004462
72.1086,0.003449
72.1120,0.003339
72.1154,0.003383
72.1190,0.003614
72.1238,0.004779
72.1263,0.002586
72.1299,0.003538
72.1332,0.003325
72.1367,0.003462
72.1421,0.005428
72.1445,0.002365
72.1478,0.003343
72.1513,0.003461
72.1562,0.004897
72.1592,0.003061
72.1629,0.003640
72.1664,0.003581
72.1705,0.004026
72.1757,0.005231
72.1781,0.002357
72.1816,0.003551
72.1848,0.003214
72.1901,0.005290
72.1927,0.002587
72.2040,0.011303
72.2120,0.007960
72.2187,0.006734
72.2331,0.014356
72.2349,0.001854
72.2369,0.001993
72.2398,0.002868
72.2420,0.002204
72.2440,0.002031
72.2460,0.002019
72.2500,0.003974
72.2544,0.004378
72.2585,0.004091
72.2604,0.001970
72.2640,0.003597
72.2674,0.003322
72.2727,0.005317
72.2764,0.003722
72.2788,0.002411
72.2825,0.003643
72.2857,0.003279
72.2907,0.004953
72.2934,0.002685
72.2966,0.003257
72.3002,0.003568
72.3049,0.004663
72.3082,0.003342
72.3115,0.003283
72.3151,0.003602
72.3183,0.003255
72.3230,0.004619
72.3260,0.003074
72.3293,0.003273
72.3328,0.003543
72.3364,0.003535
72.3418,0.005435
72.3439,0.002066
72.3478,0.003950
72.3510,0.003205
72.3555,0.004435
72.3589,0.003402
72.3624,0.003501
72.3658,0.003464
72.3694,0.003604
72.3758,0.006397
72.3777,0.001857
72.3811,0.003432
72.3843,0.003192
72.3887,0.004399
72.3923,0.003531
72.3954,0.003166
72.3989,0.003469
72.4025,0.003608
72.4073,0.004772
72.4098,0.002583
72.4134,0.003502
72.4166,0.003238
72.4204,0.003850
72.4255,0.005021
72.4279,0.002427
72.4312,0.003363
72.4347,0.003398
72.4393,0.004663
72.4424,0.003095
72.4458,0.003364
72.4491,0.003361
72.4530,0.003909
72.4585,0.005455
72.4603,0.001840
72.4638,0.003464
72.4671,0.003259
72.4721,0.005067
72.4766,0.004458
72.4788,0.002241
72.4822,0.003333
72.4858,0.003630
72.4914,0.005564
72.4936,0.002229
72.4971,0.003502
72.5006,0.003552
72.5054,0.004784
72.5084,0.002942
72.5118,0.003418
72.5151,0.003305
72.5189,0.003769
72.5237,0.004817
72.5260,0.002341
72.5295,0.003486
72.5332,0.003685
72.5364,0.003243
72.5421,0.005713
72.5440,0.001888
72.5473,0.003238
72.5507,0.003474
72.5553,0.004580
72.5584,0.003034
72.5619,0.003572
72.5655,0.003599
72.5688,0.003247
72.5742,0.005417
72.5782,0.004038
72.5806,0.002387
72.5839,0.003309
72.5887,0.004752
72.5918,0.003118
72.5951,0.003287
72.5987,0.003598
72.6020,0.003282
72.6067,0.004705
72.6095,0.002884
72.6128,0.003292
72.6162,0.003375
72.6198,0.003622
72.6251,0.005245
72.6273,0.002264
72.6309,0.003538
72.6341,0.003248
72.6386,0.004507
72.6421,0.003446
72.6453,0.003174
72.6488,0.003520
72.6525,0.003694
72.6572,0.004750
72.6598,0.002534
72.6634,0.003658
72.6666,0.003155
72.6711,0.004517
72.6764,0.005326
72.6782,0.001807
72.6816,0.003344
72.6848,0.003255
72.6902,0.005333
72.6926,0.002472
72.6959,0.003305
72.6995,0.003551
72.7032,0.003667
72.7083,0.005199
72.7104,0.002016
72.7138,0.003455
72.7171,0.003288
72.7221,0.005016
72.7254,0.003227
72.7287,0.003324
72.7321,0.003430
72.7357,0.003552
72.7401,0.004427
72.7429,0.002788
72.7463,0.003473
72.7498,0.003492
72.7532,0.003397
72.7585,0.005227
72.7609,0.002443
72.7643,0.003385
72.7676,0.003354
72.7725,0.004897
72.7763,0.003780
72.7790,0.002659
72.7826,0.003641
72.7859,0.003235
72.7905,0.004615
72.7936,0.003158
72.7972,0.003583
72.8005,0.003238
72.8052,0.004727
72.8083,0.003113
72.8117,0.003440
72.8153,0.003587
72.8186,0.003269
72.8237,0.005076
72.8262,0.002544
72.8294,0.003236
72.8331,0.003672
72.8370,0.003885
72.8415,0.004468
72.8444,0.002893
72.8478,0.003436
72.8512,0.003373
72.8555,0.004330
72.8588,0.003267
72.8621,0.003367
72.8655,0.003324
72.8690,0.003579
72.8740,0.004995
72.8777,0.003618
72.8803,0.002670
72.8835,0.003144
72.8878,0.004378
72.8916,0.003793
72.8949,0.003233
72.8982,0.003362
72.9019,0.003695
72.9074,0.005443
72.9094,0.002038
72.9129,0.003497
72.9162,0.003279
72.9198,0.003638
72.9254,0.005583
72.9273,0.001892
72.9308,0.003464
72.9340,0.003255
72.9389,0.004932
72.9420,0.003004
72.9453,0.003356
72.9487,0.003357
72.9527,0.004090
72.9572,0.004407
72.9599,0.002707
72.9634,0.003562
72.9667,0.003294
72.9717,0.005009
72.9756,0.003909
72.9790,0.003391
72.9824,0.003407
72.9860,0.003608
72.9904,0.004327
72.9934,0.003029
72.9972,0.003836
73.0004,0.003152
73.0049,0.004503
73.0084,0.003521
73.0117,0.003263
73.0151,0.003463
73.0186,0.003491
73.0235,0.004879
73.0260,0.002507
73.0297,0.003641
73.0333,0.003644
73.0370,0.003700
73.0417,0.004680
73.0444,0.002747
73.0481,0.003658
73.0517,0.003568
73.0559,0.004282
73.0589,0.002985
73.0626,0.003716
73.0659,0.003235
73.0692,0.003358
73.0746,0.005407
73.0779,0.003249
73.0813,0.003427
73.0847,0.003380
73.0891,0.004369
73.0922,0.003091
73.0958,0.003626
73.0990,0.003187
73.1026,0.003614
73.1076,0.005059
73.1103,0.002681
73.1135,0.003167
73.1168,0.003344
73.1219,0.005112
73.1251,0.003175
73.1289,0.003753
73.1325,0.003615
73.1357,0.003173
73.1403,0.004679
73.1434,0.003029
73.1466,0.003256
73.1500,0.003362
73.1547,0.004683
73.1582,0.003518
73.1616,0.003424
73.1650,0.003348
73.1682,0.003293
73.1732,0.004991
73.1762,0.002919
73.1806,0.004406
73.1834,0.002831
73.1881,0.004750
73.1915,0.003362
73.1945,0.003013
73.1983,0.003749
73.2017,0.003419
73.2068,0.005100
73.2099,0.003065
73.2129,0.003078
73.2163,0.003390
73.2209,0.004585
73.2248,0.003919
73.2276,0.002779
73.2313,0.003654
73.2345,0.003267
73.2390,0.004481
73.2423,0.003321
73.2455,0.003164
73.2489,0.003353
73.2526,0.003796
73.2569,0.004293
73.2598,0.002883
73.2634,0.003609
73.2668,0.003387
73.2713,0.004467
73.2749,0.003601
73.2786,0.003672
73.2820,0.003488
73.2853,0.003217
73.2896,0.004324
73.2925,0.002947
73.2962,0.003703
73.2994,0.003148
73.3029,0.003522
73.3082,0.005332
73.3107,0.002439
73.3145,0.003831
73.3177,0.003227
73.3227,0.004924
73.3254,0.002762
73.3288,0.003388
73.3322,0.003424
73.3359,0.003613
73.3403,0.004422
73.3434,0.003119
73.3469,0.003496
73.3501,0.003246
73.3544,0.004300
73.3583,0.003864
73.3617,0.003372
73.3650,0.003345
73.3686,0.003539
73.3734,0.004852
73.3761,0.002648
73.3809,0.004871
73.3832,0.002317
73.3873,0.004098
73.3921,0.004735
73.3945,0.002402
73.3978,0.003327
73.4013,0.003541
73.4068,0.005436
73.4092,0.002426
73.4127,0.003474
73.4160,0.003370
73.4199,0.003820
73.4249,0.005001
73.4274,0.002569
73.4310,0.003514
73.4344,0.003434
73.4389,0.004506
73.4422,0.003343
73.4454,0.003182
73.4487,0.003319
73.4527,0.003941
73.4569,0.004243
73.4599,0.002934
73.4634,0.003563
73.4668,0.003427
73.4713,0.004445
73.4749,0.003587
73.4782,0.003283
73.4825,0.004364
73.4861,0.003592
73.4905,0.004381
73.4935,0.003007
73.4972,0.003684
73.5009,0.003687
73.5052,0.004313
73.5085,0.003331
73.5118,0.003280
73.5153,0.003490
73.5188,0.003534
73.5237,0.004870
73.5262,0.002540
73.5298,0.003550
73.5331,0.003359
73.5370,0.003826
73.5414,0.004473
73.5445,0.003021
73.5478,0.003350
73.5512,0.003412
73.5559,0.004649
73.5591,0.003201
73.5626,0.003542
73.5661,0.003517
73.5695,0.003378
73.5752,0.005742
73.5781,0.002803
73.5825,0.004444
73.5849,0.002449
73.5893,0.004385
73.5923,0.002947
73.5956,0.003274
73.5989,0.003393
73.6026,0.003646
73.6073,0.004675
73.6100,0.002690
73.6135,0.003532
73.6168,0.003284
73.6214,0.004600
73.6250,0.003607
73.6282,0.003206
73.6317,0.003514
73.6352,0.003513
73.6399,0.004639
73.6425,0.002694
73.6460,0.003434
73.6492,0.003226
73.6528,0.003640
73.6582,0.005400
73.6608,0.002509
73.6640,0.003290
73.6674,0.003390
73.6725,0.005048
73.6752,0.002748
73.6788,0.003563
73.6830,0.004200
73.6864,0.003376
73.6915,0.005143
73.6940,0.002472
73.6971,0.003108
73.7007,0.003617
73.7052,0.004467
73.7082,0.003055
73.7117,0.003487
73.7155,0.003771
73.7187,0.003164
73.7236,0.004919
73.7262,0.002676
73.7294,0.003185
73.7332,0.003734
73.7378,0.004651
73.7414,0.003539
73.7442,0.002803
73.7477,0.003527
73.7511,0.003363
73.7555,0.004411
73.7587,0.003245
73.7620,0.003329
73.7654,0.003332
73.7689,0.003570
73.7735,0.004535
73.7763,0.002801
73.7806,0.004335
73.7838,0.003230
73.7882,0.004333
73.7917,0.003489
73.7951,0.003441
73.7985,0.003421
73.8021,0.003614
73.8066,0.004441
73.8093,0.002684
73.8130,0.003714
73.8162,0.003210
73.8196,0.003458
73.8325,0.012830
73.8409,0.008441
73.8578,0.016865
73.8603,0.002574
73.8621,0.001713
73.8638,0.001752
73.8655,0.001667
73.8675,0.001976
73.8690,0.001517
73.8746,0.005586
73.8763,0.001722
73.8800,0.003686
73.8837,0.003775
73.8888,0.005064
73.8917,0.002882
73.8950,0.003280
73.8987,0.003734
73.9020,0.003300
73.9067,0.004731
73.9097,0.002912
73.9129,0.003298
73.9163,0.003379
73.9206,0.004323
73.9247,0.004061
73.9276,0.002939
73.9312,0.003601
73.9345,0.003218
73.9390,0.004531
73.9422,0.003243
73.9455,0.003299
73.9489,0.003346
73.9528,0.003942
73.9576,0.004818
73.9606,0.002916
73.9636,0.003023
73.9668,0.003255
73.9721,0.005268
73.9753,0.003154
73.9784,0.003175
73.9830,0.004596
73.9858,0.002771
73.9904,0.004613
73.9930,0.002627
73.9969,0.003879
74.0001,0.003210
74.0043,0.004173
74.0081,0.003840
74.0114,0.003211
74.0148,0.003457
74.0183,0.003462
74.0231,0.004819
74.0257,0.002624
74.0294,0.003707
74.0328,0.003352
74.0362,0.003432
74.0418,0.005602
74.0439,0.002113
74.0473,0.003321
74.0509,0.003602
74.0553,0.004500
74.0584,0.003072
74.0620,0.003624
74.0655,0.003479
74.0690,0.003475
74.0738,0.004819
74.0772,0.003390
74.0802,0.002949
74.0844,0.004285
74.0886,0.004173
74.0919,0.003286
74.0951,0.003168
74.0986,0.003534
74.1020,0.003368
74.1068,0.004853
74.1098,0.002973
74.1133,0.003497
74.1166,0.003271
74.1217,0.005136
74.1248,0.003115
74.1279,0.003113
74.1315,0.003560
74.1347,0.003232
74.1398,0.005100
74.1426,0.002798
74.1458,0.003172
74.1491,0.003313
74.1530,0.003847
74.1582,0.005258
74.1602,0.002036
74.1642,0.003902
74.1673,0.003199
74.1724,0.005095
74.1754,0.002975
74.1787,0.003237
74.1826,0.003902
74.1865,0.003977
74.1920,0.005426
74.1937,0.001724
74.1971,0.003438
74.2005,0.003417
74.2051,0.004540
74.2084,0.003282
74.2118,0.003402
74.2151,0.003335
74.2192,0.004107
74.2239,0.004693
74.2265,0.002572
74.2299,0.003474
74.2333,0.003388
74.2385,0.005141
74.2418,0.003344
74.2450,0.003181
74.2484,0.003384
74.2520,0.003659
74.2565,0.004431
74.2591,0.002673
74.2628,0.003612
74.2660,0.003220
74.2695,0.003505
74.2749,0.005375
74.2771,0.002284
74.2807,0.003596
74.2844,0.003656
74.2896,0.005235
74.2922,0.002531
74.2956,0.003420
74.2989,0.003314
74.3026,0.003735
74.3072,0.004553
74.3102,0.003023
74.3135,0.003317
74.3168,0.003263
74.3215,0.004671
74.3248,0.003345
74.3281,0.003255
74.3316,0.003513
74.3351,0.003488
74.3403,0.005201
74.3427,0.002432
74.3460,0.003325
74.3493,0.003267
74.3528,0.003553
74.3582,0.005364
74.3605,0.002293
74.3638,0.003297
74.3672,0.003393
74.3722,0.005060
74.3750,0.002750
74.3784,0.003412
74.3819,0.003452
74.3869,0.005022
74.3905,0.003613
74.3933,0.002793
74.3968,0.003483
74.4000,0.003251
74.4047,0.004673
74.4082,0.003519
74.4115,0.003324
74.4149,0.003324
74.4186,0.003711
74.4234,0.004833
74.4258,0.002420
74.4293,0.003530
74.4327,0.003369
74.4362,0.003455
74.4414,0.005267
74.4438,0.002348
74.4471,0.003299
74.4509,0.003830
74.4553,0.004358
74.4582,0.002942
74.4617,0.003518
74.4653,0.003538
74.4685,0.003275
74.4735,0.004980
74.4762,0.002693
74.4795,0.003247
74.4833,0.003859
74.4889,0.005567
74.4917,0.002768
74.4952,0.003489
74.4988,0.003600
74.5021,0.003324
74.5067,0.004638
74.5097,0.002998
74.5133,0.003601
74.5169,0.003628
74.5217,0.004787
74.5248,0.003076
74.5282,0.003422
74.5318,0.003596
74.5350,0.003212
74.5397,0.004632
74.5426,0.002950
74.5458,0.003173
74.5492,0.003371
74.5529,0.003747
74.5581,0.005167
74.5609,0.002824
74.5644,0.003453
74.5676,0.003217
74.5722,0.004670
74.5755,0.003218
74.5788,0.003395
74.5826,0.003715
74.5881,0.005545
74.5923,0.004194
74.5941,0.001819
74.5973,0.003147
74.6009,0.003654
74.6053,0.004409
74.6084,0.003109
74.6120,0.003574
74.6152,0.003217
74.6187,0.003499
74.6241,0.005323
74.6263,0.002295
74.6297,0.003366
74.6332,0.003523
74.6381,0.004826
74.6412,0.003172
74.6448,0.003573
74.6485,0.003727
74.6519,0.003341
74.6565,0.004571
74.6592,0.002798
74.6626,0.003337
74.6660,0.003371
74.6704,0.004422
74.6747,0.004293
74.6774,0.002768
74.6810,0.003579
74.6844,0.003394
74.6900,0.005610
74.6927,0.002701
74.6958,0.003083
74.6993,0.003511
74.7034,0.004114
74.7079,0.004463
74.7107,0.002828
74.7142,0.003466
74.7174,0.003186
74.7220,0.004644
74.7252,0.003221
74.7286,0.003353
74.7321,0.003462
74.7356,0.003588
74.7403,0.004631
74.7429,0.002617
74.7466,0.003713
74.7498,0.003187
74.7538,0.003993
74.7580,0.004181
74.7612,0.003231
74.7646,0.003402
74.7682,0.003557
74.7728,0.004617
74.7758,0.003011
74.7791,0.003353
74.7824,0.003255
74.7864,0.004052
74.7924,0.005998
74.7941,0.001715
74.7972,0.003097
74.8009,0.003656
74.8057,0.004826
74.8085,0.002721
74.8119,0.003431
74.8152,0.003354
74.8190,0.003719
74.8243,0.005358
74.8268,0.002482
74.8303,0.003505
74.8335,0.003229
74.8381,0.004536
74.8416,0.003486
74.8447,0.003185
74.8481,0.003379
74.8518,0.003644
74.8564,0.004631
74.8590,0.002601
74.8626,0.003595
74.8658,0.003239
74.8694,0.003526
74.8750,0.005602
74.8768,0.001884
74.8803,0.003436
74.8840,0.003722
74.8895,0.005512
74.8923,0.002838
74.8952,0.002816
74.8985,0.003380
74.9022,0.003711
74.9066,0.004351
74.9094,0.002797
74.9131,0.003659
74.9164,0.003359
74.9205,0.004063
74.9248,0.004341
74.9276,0.002780
74.9310,0.003390
74.9344,0.003397
74.9390,0.004596
74.9419,0.002889
74.9452,0.003327
74.9487,0.003508
74.9526,0.003886
74.9569,0.004270
74.9597,0.002800
74.9635,0.003831
74.9666,0.003140
74.9714,0.004802
74.9747,0.003269
74.9780,0.003332
74.9814,0.003393
74.9849,0.003479
74.9916,0.006657
74.9935,0.001882
74.9966,0.003150
74.9998,0.003209
75.0045,0.004724
75.0081,0.003543
75.0114,0.003297
75.0147,0.003367
75.0183,0.003571
75.0233,0.005002
75.0259,0.002635
75.0294,0.003462
75.0327,0.003334
75.0362,0.003407
75.0415,0.005367
75.0440,0.002471
75.0473,0.003301
75.0507,0.003431
75.0556,0.004844
75.0583,0.002744
75.0617,0.003437
75.0651,0.003390
75.0687,0.003558
75.0735,0.004842
75.0761,0.002550
75.0796,0.003504
75.0831,0.003487
75.0873,0.004216
75.0927,0.005427
75.0950,0.002283
75.0982,0.003234
75.1022,0.003961
75.1076,0.005373
75.1095,0.001949
75.1130,0.003469
75.1163,0.003327
75.1216,0.005278
75.1245,0.002898
75.1279,0.003380
75.1314,0.003557
75.1347,0.003312
75.1394,0.004644
75.1423,0.002958
75.1455,0.003124
75.1488,0.003314
75.1525,0.003723
75.1569,0.004449
75.1599,0.002914
75.1638,0.003944
75.1669,0.003081
75.1714,0.004538
75.1748,0.003364
75.1780,0.003252
75.1818,0.003741
75.1852,0.003424
75.1906,0.005438
75.1933,0.002695
75.1966,0.003258
75.1997,0.003126
75.2042,0.004525
75.2079,0.003640
75.2117,0.003769
75.2148,0.003135
75.2182,0.003452
75.2232,0.004986
75.2256,0.002371
75.2293,0.003693
75.2325,0.003250
75.2360,0.003422
75.2414,0.005424
75.2437,0.002317
75.2473,0.003616
75.2506,0.003242
75.2551,0.004583
75.2583,0.003195
75.2617,0.003384
75.2652,0.003433
75.2684,0.003213
75.2735,0.005110
75.2763,0.002798
75.2795,0.003175
75.2829,0.003467
75.2873,0.004409
75.2924,0.005039
75.2946,0.002212
75.2981,0.003554
75.3014,0.003300
75.3060,0.004556
75.3090,0.002987
75.3123,0.003324
75.3157,0.003355
75.3196,0.003905
75.3253,0.005733
75.3271,0.001848
75.3306,0.003434
75.3339,0.003279
75.3385,0.004623
75.3417,0.003259
75.3450,0.003242
75.3483,0.003356
75.3524,0.004044
75.3568,0.004447
75.3595,0.002701
75.3632,0.003633
75.3664,0.003249
75.3708,0.004360
75.3747,0.003883
75.3778,0.003132
75.3812,0.003391
75.3848,0.003669
75.3895,0.004611
75.3932,0.003698
75.3959,0.002772
75.3994,0.003439
75.4026,0.003245
75.4081,0.005499
75.4102,0.002040
75.4136,0.003430
75.4172,0.003642
75.4224,0.005208
75.4251,0.002694
75.4287,0.003544
75.4323,0.003642
75.4355,0.003236
75.4402,0.004657
75.4434,0.003206
75.4468,0.003372
75.4592,0.012443
75.4673,0.008111
75.4830,0.015686
75.4856,0.002605
75.4888,0.003132
75.4919,0.003180
75.4942,0.002224
75.4961,0.001962
75.4980,0.001864
75.4996,0.001656
75.5023,0.002680
75.5073,0.004964
75.5097,0.002446
75.5131,0.003395
75.5167,0.003548
75.5216,0.004922
75.5247,0.003067
75.5283,0.003660
75.5319,0.003565
75.5351,0.003204
75.5402,0.005138
75.5430,0.002797
75.5462,0.003201
75.5497,0.003504
75.5545,0.004788
75.5577,0.003157
75.5612,0.003548
75.5646,0.003420
75.5679,0.003262
75.5728,0.004838
75.5756,0.002842
75.5790,0.003438
75.5828,0.003742
75.5873,0.004524
75.5915,0.004192
75.5947,0.003231
75.5982,0.003459
75.6018,0.003622
75.6074,0.005552
75.6105,0.003117
75.6140,0.003576
75.6182,0.004127
75.6233,0.005165
75.6254,0.002112
75.6287,0.003221
75.6322,0.003541
75.6358,0.003570
75.6402,0.004446
75.6433,0.003051
75.6468,0.003564
75.6502,0.003313
75.6547,0.004529
75.6581,0.003427
75.6615,0.003368
75.6652,0.003712
75.6687,0.003481
75.6734,0.004767
75.6759,0.002503
75.6796,0.003635
75.6829,0.003292
75.6875,0.004606
75.6914,0.003952
75.6955,0.004119
75.6980,0.002457
75.7015,0.003506
75.7060,0.004465
75.7087,0.002712
75.7125,0.003780
75.7155,0.003008
75.7189,0.003448
75.7250,0.006060
75.7267,0.001714
75.7298,0.003113
75.7332,0.003382
75.7379,0.004746
75.7411,0.003196
75.7444,0.003302
75.7482,0.003789
75.7514,0.003197
75.7564,0.004961
75.7591,0.002693
75.7623,0.003256
75.7657,0.003352
75.7694,0.003721
75.7747,0.005344
75.7770,0.002250
75.7804,0.003395
75.7837,0.003287
75.7882,0.004491
75.7916,0.003478
75.7960,0.004318
75.7988,0.002853
75.8027,0.003882
75.8080,0.005252
75.8099,0.001910
75.8134,0.003515
75.8166,0.003235
75.8213,0.004732
75.8247,0.003384
75.8280,0.003271
75.8314,0.003445
75.8351,0.003660
75.8395,0.004380
75.8424,0.002873
75.8459,0.003518
75.8492,0.003277
75.8532,0.004008
75.8578,0.004684
75.8604,0.002586
75.8640,0.003563
75.8673,0.003289
75.8720,0.004728
75.8749,0.002898
75.8783,0.003419
75.8822,0.003846
75.8854,0.003186
75.8901,0.004687
75.8936,0.003564
75.8970,0.003425
75.9003,0.003291
75.9052,0.004891
75.9081,0.002913
75.9116,0.003516
75.9149,0.003249
75.9185,0.003599
75.9233,0.004762
75.9259,0.002635
75.9295,0.003567
75.9327,0.003236
75.9369,0.004251
75.9412,0.004299
75.9441,0.002881
75.9474,0.003315
75.9509,0.003421
75.9556,0.004753
75.9584,0.002782
75.9619,0.003468
75.9652,0.003383
75.9689,0.003688
75.9740,0.005055
75.9766,0.002562
75.9800,0.003473
75.9833,0.003251
75.9879,0.004597
75.9914,0.003507
75.9955,0.004105
75.9982,0.002673
76.0017,0.003544
76.0065,0.004832
76.0089,0.002344
76.0125,0.003590
76.0158,0.003377
76.0211,0.005277
76.0305,0.009346
76.0369,0.006420
76.0466,0.009707
76.0517,0.005111
76.0568,0.005088
76.0590,0.002198
76.0611,0.002070
76.0626,0.001542
76.0644,0.001839
76.0660,0.001549
76.0695,0.003495
76.0745,0.004995
76.0768,0.002365
76.0804,0.003517
76.0839,0.003510
76.0883,0.004398
76.0917,0.003394
76.0953,0.003677
76.0990,0.003694
76.1026,0.003589
76.1079,0.005304
76.1098,0.001836
76.1134,0.003586
76.1166,0.003210
76.1213,0.004734
76.1248,0.003465
76.1280,0.003283
76.1317,0.003702
76.1352,0.003460
76.1396,0.004427
76.1424,0.002791
76.1461,0.003696
76.1493,0.003183
76.1533,0.003998
76.1576,0.004332
76.1607,0.003112
76.1644,0.003617
76.1680,0.003661
76.1725,0.004444
76.1753,0.002803
76.1788,0.003561
76.1823,0.003502
76.1856,0.003272
76.1916,0.005964
76.1935,0.001924
76.1975,0.003959
76.2000,0.002556
76.2046,0.004641
76.2078,0.003195
76.2113,0.003410
76.2147,0.003435
76.2179,0.003196
76.2229,0.005026
76.2256,0.002656
76.2288,0.003204
76.2322,0.003395
76.2360,0.003807
76.2428,0.006814
76.2522,0.009415
76.2624,0.010232
76.2645,0.002027
76.2661,0.001639
76.2678,0.001714
76.2699,0.002055
76.2745,0.004585
76.2776,0.003098
76.2796,0.002015
76.2831,0.003566
76.2883,0.005128
76.2936,0.005298
76.2955,0.001910
76.3003,0.004781
76.3040,0.003793
76.3105,0.006469
76.3123,0.001769
76.3155,0.003224
76.3192,0.003665
76.3248,0.005682
76.3266,0.001753
76.3298,0.003234
76.3337,0.003898
76.3381,0.004324
76.3412,0.003115
